user_id,loan_score,device_rating,data_quality,ltv_rate,bureau_score,total_tenure,months_active,savings_score,tx_score,usage_score,airtime_score,cluster
146245,7.4,0.7,0.0,1.9,0.08,11,34,1.0,3.51,0.56,9.4,
248802,7.8,0.88,0.0,2.6,0.1,25,67,1.0,3.2,0.68,9.8,
13873,7.8,0.76,0.04,2.3,0.09,15,54,1.0,3.26,0.65,9.8,
35230,11.2,0.28,0.56,1.9,0.08,17,60,1.0,3.16,0.58,9.8,
653322,7.4,0.7,0.0,1.9,0.08,11,34,1.0,3.51,0.56,9.4,
61550,7.4,0.66,0.0,1.8,0.08,13,40,1.0,3.51,0.56,9.4,
399240,7.9,0.6,0.06,1.6,0.07,15,59,1.0,3.3,0.46,9.4,
385139,7.3,0.65,0.0,1.2,0.06,15,21,0.99,3.39,0.47,10.0,
572500,7.8,0.58,0.02,2.0,0.07,9,18,1.0,3.36,0.57,9.5,
59826,7.5,0.5,0.36,6.1,0.07,17,102,1.0,3.35,0.8,10.5,
214707,6.7,0.58,0.08,1.8,0.1,15,65,1.0,3.28,0.54,9.2,
473056,7.5,0.5,0.36,6.1,0.07,17,102,1.0,3.35,0.8,10.5,
670733,5.6,0.615,0.0,1.6,0.09,16,59,0.99,3.58,0.52,9.9,
639023,7.8,0.61,0.29,1.6,0.11,9,29,1.0,3.26,1.56,9.1,
25411,8.9,0.62,0.18,3.8,0.18,52,145,1.0,3.16,0.88,9.2,
314003,8.9,0.62,0.19,3.9,0.17,51,148,1.0,3.17,0.93,9.2,
428118,8.5,0.28,0.56,1.8,0.09,35,103,1.0,3.3,0.75,10.5,
43332,8.1,0.56,0.28,1.7,0.37,16,56,1.0,3.11,1.28,9.3,
133995,7.4,0.59,0.08,4.4,0.09,6,29,1.0,3.38,0.5,9.0,
195504,7.9,0.32,0.51,1.8,0.34,17,56,1.0,3.04,1.08,9.2,
432850,8.9,0.22,0.48,1.8,0.08,29,60,1.0,3.39,0.53,9.4,
466348,7.6,0.39,0.31,2.3,0.08,23,71,1.0,3.52,0.65,9.7,
209977,7.9,0.43,0.21,1.6,0.11,10,37,1.0,3.17,0.91,9.5,
188756,8.5,0.49,0.11,2.3,0.08,9,67,1.0,3.17,0.53,9.4,
516160,6.9,0.4,0.14,2.4,0.08,21,40,1.0,3.43,0.63,9.7,
180889,6.3,0.39,0.16,1.4,0.08,11,23,1.0,3.34,0.56,9.3,
1882,7.6,0.41,0.24,1.8,0.08,4,11,1.0,3.28,0.59,9.5,
317057,7.9,0.43,0.21,1.6,0.11,10,37,1.0,3.17,0.91,9.5,
662210,7.1,0.71,0.0,1.9,0.08,14,35,1.0,3.47,0.55,9.4,
86810,7.8,0.645,0.0,2.0,0.08,8,16,1.0,3.38,0.59,9.8,
432124,6.7,0.675,0.07,2.4,0.09,17,82,1.0,3.35,0.54,10.1,
584176,6.9,0.685,0.0,2.5,0.1,22,37,1.0,3.46,0.57,10.6,
363214,8.3,0.655,0.12,2.3,0.08,15,113,1.0,3.17,0.66,9.8,
471161,6.9,0.605,0.12,10.7,0.07,40,83,1.0,3.45,0.52,9.4,
257225,5.2,0.32,0.25,1.8,0.1,13,50,1.0,3.38,0.55,9.2,
511336,7.8,0.645,0.0,5.5,0.09,5,18,1.0,3.4,0.55,9.6,
559762,7.8,0.6,0.14,2.4,0.09,3,15,1.0,3.42,0.6,10.8,
747176,8.1,0.38,0.28,2.1,0.07,13,30,1.0,3.23,0.73,9.7,
567610,5.7,1.13,0.09,1.5,0.17,7,19,0.99,3.5,0.48,9.8,
277569,7.3,0.45,0.36,5.9,0.07,12,87,1.0,3.33,0.83,10.5,
484214,7.3,0.45,0.36,5.9,0.07,12,87,1.0,3.33,0.83,10.5,
704800,8.8,0.61,0.3,2.8,0.09,17,46,1.0,3.26,0.51,9.3,
774368,7.5,0.49,0.2,2.6,0.33,8,14,1.0,3.21,0.9,10.5,
654310,8.1,0.66,0.22,2.2,0.07,9,23,1.0,3.3,1.2,10.3,
706675,6.8,0.67,0.02,1.8,0.05,5,11,1.0,3.48,0.52,9.5,
742835,4.6,0.52,0.15,2.1,0.05,8,65,0.99,3.9,0.56,13.1,
200016,7.7,0.935,0.43,2.2,0.11,22,114,1.0,3.25,0.73,9.2,
252019,8.7,0.29,0.52,1.6,0.11,12,37,1.0,3.25,0.58,9.5,
187357,6.4,0.4,0.23,1.6,0.07,5,12,1.0,3.34,0.56,9.2,
347769,5.6,0.31,0.37,1.4,0.07,12,96,1.0,3.32,0.58,9.2,
302594,8.8,0.66,0.26,1.7,0.07,4,23,1.0,3.15,0.74,9.2,
501521,6.6,0.52,0.04,2.2,0.07,8,15,1.0,3.4,0.63,9.4,
255361,6.6,0.5,0.04,2.1,0.07,6,14,1.0,3.39,0.64,9.4,
514634,8.6,0.38,0.36,3.0,0.08,30,119,1.0,3.2,0.56,9.4,
766736,7.6,0.51,0.15,2.8,0.11,33,73,1.0,3.17,0.63,10.2,
34220,7.7,0.62,0.04,3.8,0.08,25,45,1.0,3.34,0.53,9.5,
720793,10.2,0.42,0.57,3.4,0.07,4,10,1.0,3.04,0.63,9.6,
749902,7.5,0.63,0.12,5.1,0.11,50,110,1.0,3.26,0.77,9.4,
79415,7.8,0.59,0.18,2.3,0.08,17,54,1.0,3.43,0.59,10.0,
2218,7.3,0.39,0.31,2.4,0.07,9,46,1.0,3.41,0.54,9.4,
129058,8.8,0.4,0.4,2.2,0.08,19,52,1.0,3.44,0.64,9.2,
546625,7.7,0.69,0.49,1.8,0.12,20,112,1.0,3.21,0.71,9.3,
126668,7.5,0.52,0.16,1.9,0.08,12,35,1.0,3.38,0.62,9.5,
426904,7.0,0.735,0.05,2.0,0.08,13,54,1.0,3.39,0.57,9.8,
714994,7.2,0.725,0.05,4.65,0.09,4,11,1.0,3.41,0.39,10.9,
608663,7.2,0.725,0.05,4.65,0.09,4,11,1.0,3.41,0.39,10.9,
628295,7.5,0.52,0.11,1.5,0.08,11,39,1.0,3.42,0.58,9.6,
703219,6.6,0.705,0.07,1.6,0.08,6,15,1.0,3.44,0.58,10.7,
700890,9.3,0.32,0.57,2.0,0.07,27,65,1.0,3.28,0.79,10.7,
625815,8.0,0.705,0.05,1.9,0.07,8,19,1.0,3.34,0.95,10.5,
194725,7.7,0.63,0.08,1.9,0.08,15,27,1.0,3.32,0.54,9.5,
774249,7.7,0.67,0.23,2.1,0.09,17,96,1.0,3.32,0.48,9.5,
414194,7.7,0.69,0.22,1.9,0.08,18,94,1.0,3.31,0.48,9.5,
405880,8.3,0.675,0.26,2.1,0.08,11,43,1.0,3.31,0.53,9.2,
522738,9.7,0.32,0.54,2.5,0.09,28,83,1.0,3.28,0.82,9.6,
658362,8.8,0.41,0.64,2.2,0.09,9,42,1.0,3.54,0.66,10.5,
781226,8.8,0.41,0.64,2.2,0.09,9,42,1.0,3.54,0.66,10.5,
431015,6.8,0.785,0.0,2.4,0.1,14,30,1.0,3.52,0.55,10.7,
172274,6.7,0.75,0.12,2.0,0.09,12,80,1.0,3.38,0.52,10.1,
172063,8.3,0.625,0.2,1.5,0.08,27,119,1.0,3.16,1.12,9.1,
518075,6.2,0.45,0.2,1.6,0.07,3,15,1.0,3.41,0.56,9.2,
80480,7.8,0.43,0.7,1.9,0.46,22,67,1.0,3.13,1.28,9.4,
725391,7.4,0.5,0.47,2.0,0.09,21,73,1.0,3.36,0.57,9.1,
45869,7.3,0.67,0.26,1.8,0.4,16,51,1.0,3.16,1.14,9.4,
655335,6.3,0.3,0.48,1.8,0.07,18,61,1.0,3.44,0.78,10.3,
731161,6.9,0.55,0.15,2.2,0.08,19,40,1.0,3.41,0.59,10.1,
606217,8.6,0.49,0.28,1.9,0.11,20,136,1.0,2.93,1.95,9.9,
319639,7.7,0.49,0.26,1.9,0.06,9,31,1.0,3.39,0.64,9.6,
103837,9.3,0.39,0.44,2.1,0.11,34,125,1.0,3.14,1.22,9.5,
313584,7.0,0.62,0.08,1.8,0.08,8,24,1.0,3.48,0.53,9.0,
574871,7.9,0.52,0.26,1.9,0.08,42,140,1.0,3.23,0.54,9.5,
177652,8.6,0.49,0.28,1.9,0.11,20,136,1.0,2.93,1.95,9.9,
564799,8.6,0.49,0.29,2.0,0.11,19,133,1.0,2.93,1.98,9.8,
442419,7.7,0.49,0.26,1.9,0.06,9,31,1.0,3.39,0.64,9.6,
112605,5.0,1.02,0.04,1.4,0.04,41,85,0.99,3.75,0.48,10.5,
382320,4.7,0.6,0.17,2.3,0.06,17,106,0.99,3.85,0.6,12.9,
716637,6.8,0.775,0.0,3.0,0.1,8,23,1.0,3.45,0.56,10.7,
165004,7.0,0.5,0.25,2.0,0.07,3,22,1.0,3.25,0.63,9.2,
134347,7.6,0.9,0.06,2.5,0.08,5,10,1.0,3.39,0.56,9.8,
55133,8.1,0.545,0.18,1.9,0.08,13,35,1.0,3.3,0.59,9.0,
707948,8.3,0.61,0.3,2.1,0.08,11,50,1.0,3.4,0.61,10.2,
240393,7.8,0.5,0.3,1.9,0.08,8,22,1.0,3.31,0.56,10.4,
335514,8.1,0.545,0.18,1.9,0.08,13,35,1.0,3.3,0.59,9.0,
450441,8.1,0.575,0.22,2.1,0.08,12,65,1.0,3.29,0.51,9.2,
227752,7.2,0.49,0.24,2.2,0.07,5,36,1.0,3.33,0.48,9.4,
438339,8.1,0.575,0.22,2.1,0.08,12,65,1.0,3.29,0.51,9.2,
153862,7.8,0.41,0.68,1.7,0.47,18,69,1.0,3.08,1.31,9.3,
283240,6.2,0.63,0.31,1.7,0.09,15,64,1.0,3.46,0.79,9.3,
189242,8.0,0.33,0.53,2.5,0.09,18,80,1.0,3.37,0.8,9.6,
774859,8.1,0.785,0.52,2.0,0.12,37,153,1.0,3.21,0.69,9.3,
418943,7.8,0.56,0.19,1.8,0.1,12,47,1.0,3.19,0.93,9.5,
463522,8.4,0.62,0.09,2.2,0.08,11,108,1.0,3.15,0.66,9.8,
221774,8.4,0.6,0.1,2.2,0.08,14,111,1.0,3.15,0.66,9.8,
325280,10.1,0.31,0.44,2.3,0.08,22,46,1.0,3.32,0.67,9.7,
203705,7.8,0.56,0.19,1.8,0.1,12,47,1.0,3.19,0.93,9.5,
210905,9.4,0.4,0.31,2.2,0.09,13,62,1.0,3.07,0.63,10.5,
121559,8.3,0.54,0.28,1.9,0.08,11,40,1.0,3.39,0.61,10.0,
748224,7.8,0.56,0.12,2.0,0.08,7,28,1.0,3.37,0.5,9.4,
175644,8.8,0.55,0.04,2.2,0.12,14,56,1.0,3.21,0.6,10.9,
647643,7.0,0.69,0.08,1.8,0.1,22,89,1.0,3.34,0.54,9.2,
775819,7.3,1.07,0.09,1.7,0.18,10,89,1.0,3.3,0.57,9.0,
160764,8.8,0.55,0.04,2.2,0.12,14,56,1.0,3.21,0.6,10.9,
96253,7.3,0.695,0.0,2.5,0.08,3,13,1.0,3.49,0.52,9.2,
216505,8.0,0.71,0.0,2.6,0.08,11,34,1.0,3.44,0.53,9.5,
84884,7.8,0.5,0.17,1.6,0.08,21,102,1.0,3.39,0.48,9.5,
144280,9.0,0.62,0.04,1.9,0.15,27,90,1.0,3.16,0.7,9.4,
485748,8.2,1.33,0.0,1.7,0.08,3,12,1.0,3.53,0.49,10.9,
443205,8.1,1.33,0.0,1.8,0.08,3,12,1.0,3.54,0.48,10.9,
616598,8.0,0.59,0.16,1.8,0.06,3,16,1.0,3.42,0.92,10.5,
82613,6.1,0.38,0.15,1.8,0.07,6,19,1.0,3.42,0.57,9.4,
589015,8.0,0.745,0.56,2.0,0.12,30,134,1.0,3.24,0.66,9.4,
131484,5.6,0.5,0.09,2.3,0.05,17,99,0.99,3.63,0.63,13.0,
685534,5.6,0.5,0.09,2.3,0.05,17,99,0.99,3.63,0.63,13.0,
563504,6.6,0.5,0.01,1.5,0.06,17,26,1.0,3.4,0.58,9.8,
141896,7.9,1.04,0.05,2.2,0.08,13,29,1.0,3.22,0.55,9.9,
788072,8.4,0.745,0.11,1.9,0.09,16,63,1.0,3.19,0.82,9.6,
323933,8.3,0.715,0.15,1.8,0.09,10,52,1.0,3.23,0.77,9.5,
309810,7.2,0.415,0.36,2.0,0.08,13,45,1.0,3.48,0.64,9.2,
192416,7.8,0.56,0.19,2.1,0.08,15,105,1.0,3.33,0.54,9.5,
594226,7.8,0.56,0.19,2.0,0.08,17,108,1.0,3.32,0.54,9.5,
373572,8.4,0.745,0.11,1.9,0.09,16,63,1.0,3.19,0.82,9.6,
308902,8.3,0.715,0.15,1.8,0.09,10,52,1.0,3.23,0.77,9.5,
773506,5.2,0.34,0.0,1.8,0.05,27,63,0.99,3.68,0.79,14.0,
635766,6.3,0.39,0.08,1.7,0.07,3,20,1.0,3.34,0.58,9.4,
421389,5.2,0.34,0.0,1.8,0.05,27,63,0.99,3.68,0.79,14.0,
336072,8.1,0.67,0.55,1.8,0.12,32,141,1.0,3.17,0.62,9.4,
439975,5.8,0.68,0.02,1.8,0.09,21,94,0.99,3.54,0.52,10.0,
381627,7.6,0.49,0.26,1.6,0.24,10,88,1.0,3.11,0.8,9.3,
530262,6.9,0.49,0.1,2.3,0.07,12,30,1.0,3.42,0.58,10.2,
507808,8.2,0.4,0.44,2.8,0.09,11,43,1.0,3.53,0.61,10.5,
15636,7.3,0.33,0.47,2.1,0.08,5,11,1.0,3.33,0.53,10.3,
181020,9.2,0.52,1.0,3.4,0.61,32,69,1.0,2.74,2.0,9.4,
596207,7.5,0.6,0.03,1.8,0.1,25,99,1.0,3.35,0.54,10.1,
507059,7.5,0.6,0.03,1.8,0.1,25,99,1.0,3.35,0.54,10.1,
104495,7.1,0.43,0.42,5.5,0.07,29,129,1.0,3.42,0.72,10.5,
422999,7.1,0.43,0.42,5.5,0.07,28,128,1.0,3.42,0.71,10.5,
679129,7.1,0.43,0.42,5.5,0.07,29,129,1.0,3.42,0.72,10.5,
670221,7.1,0.43,0.42,5.5,0.07,28,128,1.0,3.42,0.71,10.5,
58505,7.1,0.68,0.0,2.2,0.07,12,22,1.0,3.48,0.5,9.3,
641477,6.8,0.6,0.18,1.9,0.08,18,86,1.0,3.59,0.57,9.3,
159997,7.6,0.95,0.03,2.0,0.09,7,20,1.0,3.2,0.56,9.6,
179080,7.6,0.68,0.02,1.3,0.07,9,20,1.0,3.17,1.08,9.2,
547693,7.8,0.53,0.04,1.7,0.08,17,31,1.0,3.33,0.56,10.0,
152534,7.4,0.6,0.26,7.3,0.07,36,121,1.0,3.37,0.49,9.4,
498464,7.3,0.59,0.26,7.2,0.07,35,121,1.0,3.37,0.49,9.4,
279906,7.8,0.63,0.48,1.7,0.1,14,96,1.0,3.19,0.62,9.5,
508128,6.8,0.64,0.1,2.1,0.08,18,101,1.0,3.34,0.52,10.2,
271488,7.3,0.55,0.03,1.6,0.07,17,42,1.0,3.37,0.48,9.0,
341589,6.8,0.63,0.07,2.1,0.09,11,44,1.0,3.47,0.55,10.4,
589540,7.5,0.705,0.24,1.8,0.36,15,63,1.0,3.0,1.59,9.5,
584596,7.9,0.885,0.03,1.8,0.06,4,8,1.0,3.36,0.33,9.1,
112869,8.0,0.42,0.17,2.0,0.07,6,18,1.0,3.29,0.61,9.2,
30095,8.0,0.42,0.17,2.0,0.07,6,18,1.0,3.29,0.61,9.2,
97565,7.4,0.62,0.05,1.9,0.07,24,42,1.0,3.42,0.57,11.5,
150356,7.3,0.38,0.21,2.0,0.08,7,35,1.0,3.33,0.47,9.5,
480468,6.9,0.5,0.04,1.5,0.08,19,49,1.0,3.35,0.78,9.5,
53153,7.3,0.38,0.21,2.0,0.08,7,35,1.0,3.33,0.47,9.5,
426599,7.5,0.52,0.42,2.3,0.09,8,38,1.0,3.58,0.61,10.5,
132168,7.0,0.805,0.0,2.5,0.07,7,20,1.0,3.48,0.56,9.6,
663046,8.8,0.61,0.14,2.4,0.07,10,42,1.0,3.19,0.59,9.5,
391890,8.8,0.61,0.14,2.4,0.07,10,42,1.0,3.19,0.59,9.5,
418650,8.9,0.61,0.49,2.0,0.27,23,110,1.0,3.12,1.02,9.3,
247872,7.2,0.73,0.02,2.5,0.08,16,42,1.0,3.44,0.52,9.3,
183845,6.8,0.61,0.2,1.8,0.08,11,65,1.0,3.54,0.58,9.3,
81100,6.7,0.62,0.21,1.9,0.08,8,62,1.0,3.52,0.58,9.3,
456190,8.9,0.31,0.57,2.0,0.11,26,85,1.0,3.26,0.53,9.7,
288863,7.4,0.39,0.48,2.0,0.08,14,67,1.0,3.34,0.55,9.2,
561790,7.7,0.705,0.1,2.6,0.08,9,26,1.0,3.39,0.49,9.7,
474016,7.9,0.5,0.33,2.0,0.08,15,143,1.0,3.2,0.55,9.5,
168341,7.9,0.49,0.32,1.9,0.08,17,144,1.0,3.2,0.55,9.5,
688656,8.2,0.5,0.35,2.9,0.08,21,127,1.0,3.23,0.62,9.4,
625715,6.4,0.37,0.25,1.9,0.07,21,49,1.0,3.57,0.62,9.8,
585368,6.8,0.63,0.12,3.8,0.1,16,126,1.0,3.28,0.61,9.5,
106669,7.6,0.55,0.21,2.2,0.07,7,28,1.0,3.28,0.55,9.7,
199108,7.6,0.55,0.21,2.2,0.07,7,28,1.0,3.28,0.55,9.7,
458856,7.8,0.59,0.33,2.0,0.07,24,120,1.0,3.25,0.54,9.4,
731693,7.3,0.58,0.3,2.4,0.07,15,55,1.0,3.46,0.59,10.2,
166342,11.5,0.3,0.6,2.0,0.07,12,27,1.0,3.11,0.97,10.1,
12929,5.4,0.835,0.08,1.2,0.05,13,93,0.99,3.57,0.85,13.0,
143342,6.9,1.09,0.06,2.1,0.06,12,31,0.99,3.51,0.43,11.4,
431598,9.6,0.32,0.47,1.4,0.06,9,24,1.0,3.22,0.82,10.3,
386203,8.8,0.37,0.48,2.1,0.1,39,145,1.0,3.04,1.03,9.3,
539157,6.8,0.5,0.11,1.5,0.08,16,49,1.0,3.36,0.79,9.5,
672634,7.0,0.42,0.35,1.6,0.09,16,39,1.0,3.34,0.55,9.2,
33998,7.0,0.43,0.36,1.6,0.09,14,37,1.0,3.34,0.56,9.2,
125536,12.8,0.3,0.74,2.6,0.1,9,28,1.0,3.2,0.77,10.8,
37626,12.8,0.3,0.74,2.6,0.1,9,28,1.0,3.2,0.77,10.8,
1449,7.8,0.57,0.31,1.8,0.07,26,120,1.0,3.29,0.53,9.3,
758909,7.8,0.44,0.28,2.7,0.1,18,95,1.0,3.22,0.67,9.4,
761431,11.0,0.3,0.58,2.1,0.05,7,19,1.0,3.31,0.88,10.5,
138020,9.7,0.53,0.6,2.0,0.04,5,19,1.0,3.3,0.86,12.4,
531570,8.0,0.725,0.24,2.8,0.08,10,62,1.0,3.35,0.56,10.0,
766135,11.6,0.44,0.64,2.1,0.06,5,15,1.0,3.21,0.67,10.2,
544062,8.2,0.57,0.26,2.2,0.06,28,65,1.0,3.3,0.43,10.1,
157628,7.8,0.735,0.08,2.4,0.09,10,41,1.0,3.24,0.71,9.8,
591054,7.0,0.49,0.49,5.6,0.06,26,121,1.0,3.34,0.76,10.5,
211819,8.7,0.625,0.16,2.0,0.1,13,49,1.0,3.14,0.57,11.0,
747395,8.1,0.725,0.22,2.2,0.07,11,41,1.0,3.36,0.55,9.1,
271409,7.5,0.49,0.19,1.9,0.08,10,44,1.0,3.39,0.54,9.7,
677079,7.8,0.53,0.33,2.4,0.08,24,144,1.0,3.3,0.6,9.5,
702455,7.8,0.34,0.37,2.0,0.08,24,58,1.0,3.34,0.59,9.4,
702846,7.4,0.53,0.26,2.0,0.1,16,72,1.0,3.15,0.57,9.4,
501906,6.8,0.61,0.04,1.5,0.06,5,10,1.0,3.42,0.6,9.5,
263639,8.6,0.645,0.25,2.0,0.08,8,28,1.0,3.28,0.6,10.0,
223968,8.4,0.635,0.36,2.0,0.09,15,55,1.0,3.31,0.57,10.4,
23958,7.7,0.43,0.25,2.6,0.07,29,63,1.0,3.37,0.58,10.5,
247864,8.9,0.59,0.5,2.0,0.34,27,81,1.0,3.04,1.61,9.5,
546646,9.0,0.82,0.14,2.6,0.09,9,23,1.0,3.39,0.63,9.8,
172033,7.7,0.43,0.25,2.6,0.07,29,63,1.0,3.37,0.58,10.5,
497156,6.9,0.52,0.25,2.6,0.08,10,37,1.0,3.46,0.5,11.0,
396459,5.2,0.48,0.04,1.6,0.05,19,106,0.99,3.54,0.62,12.2,
601895,8.0,0.38,0.06,1.8,0.08,12,49,1.0,3.37,0.52,9.9,
465027,8.5,0.37,0.2,2.8,0.09,18,58,1.0,3.34,0.7,9.6,
499809,6.9,0.52,0.25,2.6,0.08,10,37,1.0,3.46,0.5,11.0,
472105,8.2,1.0,0.09,2.3,0.06,7,37,1.0,3.32,0.55,9.0,
274902,7.2,0.63,0.0,1.9,0.1,14,38,1.0,3.37,0.58,9.0,
60173,7.2,0.63,0.0,1.9,0.1,14,38,1.0,3.37,0.58,9.0,
252039,7.2,0.645,0.0,1.9,0.1,15,39,1.0,3.37,0.58,9.2,
272592,7.2,0.63,0.0,1.9,0.1,14,38,1.0,3.37,0.58,9.0,
483470,8.2,1.0,0.09,2.3,0.06,7,37,1.0,3.32,0.55,9.0,
196931,8.9,0.635,0.37,1.7,0.26,5,62,1.0,3.0,1.09,9.3,
699014,12.0,0.38,0.56,2.1,0.09,6,24,1.0,3.14,0.71,10.9,
448585,7.7,0.58,0.1,1.8,0.1,28,109,1.0,3.08,0.49,9.8,
784072,15.0,0.21,0.44,2.2,0.08,10,24,1.0,3.07,0.84,9.2,
705508,15.0,0.21,0.44,2.2,0.08,10,24,1.0,3.07,0.84,9.2,
679882,7.3,0.66,0.0,2.0,0.08,6,23,1.0,3.61,0.96,9.9,
216002,7.1,0.68,0.07,1.9,0.08,16,51,1.0,3.38,0.52,9.5,
691519,8.2,0.6,0.17,2.3,0.07,11,73,1.0,3.2,0.45,9.3,
775215,7.7,0.53,0.06,1.7,0.07,9,39,1.0,3.35,0.48,9.8,
35578,7.3,0.66,0.0,2.0,0.08,6,23,1.0,3.61,0.96,9.9,
345428,10.8,0.32,0.44,1.6,0.06,16,37,1.0,3.22,0.78,10.0,
400136,7.1,0.6,0.0,1.8,0.07,16,34,1.0,3.47,0.7,9.9,
98050,11.1,0.35,0.48,3.1,0.09,5,21,1.0,3.17,0.53,10.5,
763341,7.7,0.775,0.42,1.9,0.09,8,86,1.0,3.23,0.59,9.5,
637861,7.1,0.6,0.0,1.8,0.07,16,34,1.0,3.47,0.7,9.9,
432533,8.0,0.57,0.23,3.2,0.07,17,119,1.0,3.26,0.57,9.3,
718823,9.4,0.34,0.37,2.2,0.08,5,13,1.0,3.22,0.62,9.2,
466064,6.6,0.695,0.0,2.1,0.08,12,56,1.0,3.49,0.67,9.2,
135526,7.7,0.41,0.76,1.8,0.61,8,45,1.0,3.06,1.26,9.4,
171039,10.0,0.31,0.47,2.6,0.08,14,33,1.0,3.36,0.8,10.5,
625280,7.9,0.33,0.23,1.7,0.08,18,45,1.0,3.29,0.65,9.3,
404097,7.0,0.975,0.04,2.0,0.09,12,67,1.0,3.35,0.6,9.4,
88804,8.0,0.52,0.03,1.7,0.07,10,35,1.0,3.34,0.57,10.0,
478220,7.9,0.37,0.23,1.8,0.08,23,49,1.0,3.28,0.67,9.3,
479480,12.5,0.56,0.49,2.4,0.06,5,27,1.0,3.08,0.87,10.9,
188670,11.8,0.26,0.52,1.8,0.07,6,10,1.0,3.2,0.72,10.2,
796901,8.1,0.87,0.0,3.3,0.1,26,61,1.0,3.6,0.72,9.8,
275214,7.9,0.35,0.46,3.6,0.08,15,37,1.0,3.35,0.86,12.8,
266073,6.9,0.54,0.04,3.0,0.08,7,27,1.0,3.69,0.91,9.4,
244314,11.5,0.18,0.51,4.0,0.1,4,23,1.0,3.28,0.97,10.1,
513240,7.9,0.545,0.06,4.0,0.09,27,61,1.0,3.36,0.67,10.7,
198593,11.5,0.18,0.51,4.0,0.1,4,23,1.0,3.28,0.97,10.1,
132127,10.9,0.37,0.58,4.0,0.07,17,65,1.0,3.22,0.78,10.1,
719167,8.4,0.715,0.2,2.4,0.08,10,38,1.0,3.31,0.64,9.4,
215537,7.5,0.65,0.18,7.0,0.09,27,94,1.0,3.38,0.77,9.4,
137213,7.9,0.545,0.06,4.0,0.09,27,61,1.0,3.36,0.67,10.7,
532538,6.9,0.54,0.04,3.0,0.08,7,27,1.0,3.69,0.91,9.4,
145359,11.5,0.18,0.51,4.0,0.1,4,23,1.0,3.28,0.97,10.1,
370967,10.3,0.32,0.45,6.4,0.07,5,13,1.0,3.23,0.82,12.6,
605286,8.9,0.4,0.32,5.6,0.09,10,47,1.0,3.38,0.77,10.5,
604457,11.4,0.26,0.44,3.6,0.07,6,19,1.0,3.12,0.82,9.3,
509735,7.7,0.27,0.68,3.5,0.36,5,10,1.0,3.25,1.08,9.9,
431306,7.6,0.52,0.12,3.0,0.07,12,53,1.0,3.36,0.57,9.1,
425180,8.9,0.4,0.32,5.6,0.09,10,47,1.0,3.38,0.77,10.5,
418110,9.9,0.59,0.07,3.4,0.1,32,71,1.0,3.31,0.71,9.8,
4184,9.9,0.59,0.07,3.4,0.1,32,71,1.0,3.31,0.71,9.8,
624690,12.0,0.45,0.55,2.0,0.07,25,49,1.0,3.1,0.76,10.3,
795939,7.5,0.4,0.12,3.0,0.09,29,53,1.0,3.37,0.7,10.3,
69326,8.7,0.52,0.09,2.5,0.09,20,49,1.0,3.34,0.86,10.6,
406601,11.6,0.42,0.53,3.3,0.1,33,98,1.0,3.2,0.95,9.2,
71454,8.7,0.52,0.09,2.5,0.09,20,49,1.0,3.34,0.86,10.6,
124898,11.0,0.2,0.48,2.0,0.34,6,18,1.0,3.3,0.71,10.5,
755097,10.4,0.55,0.23,2.7,0.09,18,48,1.0,3.22,0.64,10.3,
777812,6.9,0.36,0.25,2.4,0.1,5,16,1.0,3.41,0.6,10.1,
351541,13.3,0.34,0.52,3.2,0.09,17,53,1.0,3.05,0.81,9.5,
53913,10.8,0.5,0.46,2.5,0.07,5,27,1.0,3.05,0.64,9.5,
316872,10.6,0.83,0.37,2.6,0.09,26,70,1.0,3.16,0.52,9.9,
699808,7.1,0.63,0.06,2.0,0.08,8,29,1.0,3.67,0.73,9.6,
360452,7.2,0.65,0.02,2.3,0.09,5,31,1.0,3.67,0.8,9.7,
78940,6.9,0.67,0.06,2.1,0.08,8,33,1.0,3.68,0.71,9.6,
445772,7.5,0.53,0.06,2.6,0.09,20,44,1.0,3.38,0.59,10.7,
120013,11.1,0.18,0.48,1.5,0.07,7,15,1.0,3.22,0.64,10.1,
369417,8.3,0.705,0.12,2.6,0.09,12,28,1.0,3.51,0.72,10.0,
744999,7.4,0.67,0.12,1.6,0.19,5,21,1.0,3.39,0.54,9.5,
76996,8.4,0.65,0.6,2.1,0.11,12,90,1.0,3.2,0.52,9.2,
646085,10.3,0.53,0.48,2.5,0.06,6,25,1.0,3.12,0.59,9.3,
354166,7.6,0.62,0.32,2.2,0.08,7,54,1.0,3.36,0.52,9.4,
385212,10.3,0.41,0.42,2.4,0.21,6,14,1.0,3.19,0.62,9.5,
601375,10.3,0.43,0.44,2.4,0.21,5,12,1.0,3.19,0.63,9.5,
549331,7.4,0.29,0.38,1.7,0.06,9,30,1.0,3.41,0.53,9.5,
262015,10.3,0.53,0.48,2.5,0.06,6,25,1.0,3.12,0.59,9.3,
272224,7.9,0.53,0.24,2.0,0.07,15,105,1.0,3.27,0.54,9.4,
353651,9.0,0.46,0.31,2.8,0.09,19,98,1.0,3.32,0.63,9.5,
443808,8.6,0.47,0.3,3.0,0.08,30,135,1.0,3.3,0.53,9.4,
510224,7.4,0.36,0.29,2.6,0.09,26,72,1.0,3.39,0.68,11.0,
730269,7.1,0.35,0.29,2.5,0.1,20,53,1.0,3.42,0.65,11.0,
327366,9.6,0.56,0.23,3.4,0.1,37,92,1.0,3.3,0.65,10.1,
746740,9.6,0.77,0.12,2.9,0.08,30,74,1.0,3.3,0.64,10.4,
564153,9.8,0.66,0.39,3.2,0.08,21,59,1.0,3.37,0.71,11.5,
523957,9.6,0.77,0.12,2.9,0.08,30,74,1.0,3.3,0.64,10.4,
620768,9.8,0.66,0.39,3.2,0.08,21,59,1.0,3.37,0.71,11.5,
536793,9.3,0.61,0.26,3.4,0.09,25,87,1.0,3.24,0.62,9.7,
709805,7.8,0.62,0.05,2.3,0.08,6,18,1.0,3.29,0.63,9.3,
189441,10.3,0.59,0.42,2.8,0.09,35,73,1.0,3.28,0.7,9.5,
75551,10.0,0.49,0.2,11.0,0.07,13,50,1.0,3.16,0.69,9.2,
396529,10.0,0.49,0.2,11.0,0.07,13,50,1.0,3.16,0.69,9.2,
574787,11.6,0.53,0.66,3.65,0.12,6,14,1.0,3.05,0.74,11.5,
332914,10.3,0.44,0.5,4.5,0.11,5,13,1.0,3.28,0.83,11.5,
204588,13.4,0.27,0.62,2.6,0.08,6,21,1.0,3.16,0.67,9.7,
536654,10.7,0.46,0.39,2.0,0.06,7,15,1.0,3.18,0.62,9.5,
518368,10.2,0.36,0.64,2.9,0.12,10,41,1.0,3.23,0.66,12.5,
620821,10.2,0.36,0.64,2.9,0.12,10,41,1.0,3.23,0.66,12.5,
422514,8.0,0.58,0.28,3.2,0.07,21,114,1.0,3.22,0.54,9.4,
693795,8.4,0.56,0.08,2.1,0.1,16,44,1.0,3.13,0.52,11.0,
603312,7.9,0.65,0.01,2.5,0.08,17,38,1.0,3.34,0.74,11.7,
265697,11.9,0.695,0.53,3.4,0.13,7,21,1.0,3.17,0.84,12.2,
108452,8.9,0.43,0.45,1.9,0.05,6,16,0.99,3.35,0.7,12.5,
178539,7.8,0.43,0.32,2.8,0.08,29,58,1.0,3.31,0.64,10.3,
446292,12.4,0.49,0.58,3.0,0.1,28,99,1.0,3.16,1.0,11.5,
553954,12.5,0.28,0.54,2.3,0.08,12,29,1.0,3.11,1.36,9.8,
153681,12.2,0.34,0.5,2.4,0.07,10,21,1.0,3.12,1.18,9.2,
504517,10.6,0.42,0.48,2.7,0.06,5,18,1.0,3.21,0.87,11.3,
133231,10.9,0.39,0.47,1.8,0.12,6,14,1.0,3.3,0.75,9.8,
274212,10.9,0.39,0.47,1.8,0.12,6,14,1.0,3.3,0.75,9.8,
500555,11.9,0.57,0.5,2.6,0.08,6,32,1.0,3.12,0.78,10.7,
440130,7.0,0.685,0.0,1.9,0.07,40,63,1.0,3.6,0.81,9.9,
475132,6.6,0.815,0.02,2.7,0.07,17,34,1.0,3.58,0.89,12.3,
549920,13.8,0.49,0.67,3.0,0.09,6,15,1.0,3.02,0.93,12.0,
448589,9.6,0.56,0.31,2.8,0.09,15,46,1.0,3.11,0.92,10.0,
293687,9.1,0.785,0.0,2.6,0.09,11,28,1.0,3.36,0.86,9.4,
143839,10.7,0.67,0.22,2.7,0.11,17,34,1.0,3.28,0.98,9.9,
244340,9.1,0.795,0.0,2.6,0.1,11,26,1.0,3.35,0.83,9.4,
451172,7.7,0.665,0.0,2.4,0.09,8,19,1.0,3.27,0.73,9.3,
236741,13.5,0.53,0.79,4.8,0.12,23,77,1.0,3.18,0.77,13.0,
357601,6.1,0.21,0.4,1.4,0.07,40,165,0.99,3.25,0.59,11.9,
160815,6.7,0.75,0.01,2.4,0.08,17,32,1.0,3.55,0.61,12.8,
752677,11.5,0.41,0.52,3.0,0.08,29,55,1.0,3.26,0.88,11.0,
765733,10.5,0.42,0.66,2.95,0.12,12,29,1.0,3.24,0.75,11.7,
669138,11.9,0.43,0.66,3.1,0.11,10,23,1.0,3.15,0.85,10.4,
180229,12.6,0.38,0.66,2.6,0.09,10,41,1.0,3.17,0.68,9.8,
472003,8.2,0.7,0.23,2.0,0.1,14,81,1.0,3.19,0.7,9.4,
619000,8.6,0.45,0.31,2.6,0.09,21,50,1.0,3.37,0.91,9.9,
215404,11.9,0.58,0.66,2.5,0.07,6,37,1.0,3.05,0.56,10.0,
643235,12.5,0.46,0.63,2.0,0.07,6,15,1.0,2.99,0.87,10.2,
778964,12.8,0.615,0.66,5.8,0.08,7,42,1.0,3.07,0.73,10.0,
307115,10.0,0.42,0.5,3.4,0.11,7,21,1.0,3.26,0.93,11.8,
545462,12.8,0.615,0.66,5.8,0.08,7,42,1.0,3.07,0.73,10.0,
134119,10.4,0.575,0.61,2.6,0.08,11,24,1.0,3.16,0.69,9.0,
633060,10.3,0.34,0.52,2.8,0.16,15,75,1.0,3.18,0.64,9.4,
267864,9.4,0.27,0.53,2.4,0.07,6,18,1.0,3.2,1.13,12.0,
229753,6.9,0.765,0.02,2.3,0.06,35,63,1.0,3.57,0.78,9.9,
190535,7.9,0.24,0.4,1.6,0.06,11,25,1.0,3.32,0.87,8.7,
357899,9.1,0.28,0.48,1.8,0.07,26,46,1.0,3.32,1.04,10.6,
572743,7.4,0.55,0.22,2.2,0.11,12,72,1.0,3.05,0.63,9.2,
391310,14.0,0.41,0.63,3.8,0.09,6,47,1.0,3.01,0.81,10.8,
174064,11.5,0.54,0.71,4.4,0.12,6,15,1.0,3.01,0.83,11.8,
344316,11.5,0.45,0.5,3.0,0.08,19,47,1.0,3.26,1.11,11.0,
229784,9.4,0.27,0.53,2.4,0.07,6,18,1.0,3.2,1.13,12.0,
460439,11.4,0.625,0.66,6.2,0.09,6,24,1.0,3.11,0.99,13.3,
575434,8.3,0.42,0.38,2.5,0.09,24,60,1.0,3.31,0.7,10.8,
310736,8.3,0.26,0.42,2.0,0.08,11,27,1.0,3.21,0.8,9.4,
295569,13.7,0.415,0.68,2.9,0.08,17,43,1.0,3.06,0.8,10.0,
100543,8.3,0.26,0.42,2.0,0.08,11,27,1.0,3.21,0.8,9.4,
464452,8.3,0.26,0.42,2.0,0.08,11,27,1.0,3.21,0.8,9.4,
468553,7.7,0.51,0.28,2.1,0.09,23,54,1.0,3.42,0.74,9.2,
465483,7.4,0.63,0.07,2.4,0.09,11,37,1.0,3.43,0.76,9.7,
354300,7.8,0.54,0.26,2.0,0.09,23,48,1.0,3.41,0.74,9.2,
440186,8.3,0.66,0.15,1.9,0.08,17,42,1.0,3.31,0.54,9.6,
667511,7.8,0.46,0.26,1.9,0.09,23,53,1.0,3.43,0.74,9.2,
567567,9.6,0.38,0.31,2.5,0.1,16,49,1.0,3.19,0.7,10.0,
724184,5.6,0.85,0.05,1.4,0.04,12,88,0.99,3.56,0.82,12.9,
747318,13.7,0.415,0.68,2.9,0.08,17,43,1.0,3.06,0.8,10.0,
694037,9.5,0.37,0.52,2.0,0.08,6,26,1.0,3.18,0.51,9.5,
175991,8.4,0.665,0.61,2.0,0.11,13,95,1.0,3.16,0.54,9.1,
98631,12.7,0.6,0.65,2.3,0.06,6,25,1.0,3.03,0.57,9.9,
463333,12.0,0.37,0.76,4.2,0.07,7,38,1.0,3.22,0.6,13.0,
626355,6.6,0.735,0.02,7.9,0.12,68,124,1.0,3.47,0.53,9.9,
228298,11.5,0.59,0.59,2.6,0.09,13,49,1.0,3.18,0.65,11.0,
81512,11.5,0.59,0.59,2.6,0.09,13,49,1.0,3.18,0.65,11.0,
377119,8.7,0.765,0.22,2.3,0.06,9,42,1.0,3.1,0.55,9.4,
294344,6.6,0.735,0.02,7.9,0.12,68,124,1.0,3.47,0.53,9.9,
555561,7.7,0.26,0.3,1.7,0.06,20,38,0.99,3.29,0.47,10.8,
550293,12.2,0.48,0.54,2.6,0.08,19,64,1.0,3.1,0.61,10.5,
749736,11.4,0.6,0.49,2.7,0.08,10,41,1.0,3.15,0.63,10.5,
427886,7.7,0.69,0.05,2.7,0.08,15,27,1.0,3.26,0.61,9.1,
296741,8.7,0.31,0.46,1.4,0.06,11,25,1.0,3.36,0.76,10.1,
409314,9.8,0.44,0.47,2.5,0.06,9,28,1.0,3.24,0.65,10.8,
510653,12.0,0.39,0.66,3.0,0.09,12,30,1.0,3.18,0.63,10.8,
91183,10.4,0.34,0.58,3.7,0.17,6,16,1.0,3.19,0.7,11.3,
302704,12.5,0.46,0.49,4.5,0.07,26,49,1.0,3.05,0.57,9.6,
631428,9.0,0.43,0.34,2.5,0.08,26,86,1.0,3.38,0.62,9.5,
292777,9.1,0.45,0.35,2.4,0.08,23,78,1.0,3.38,0.62,9.5,
91938,7.1,0.735,0.16,1.9,0.1,15,77,1.0,3.27,0.64,9.3,
78441,9.9,0.4,0.53,6.7,0.1,6,19,1.0,3.27,0.82,11.7,
61234,8.8,0.52,0.34,2.7,0.09,24,122,1.0,3.26,0.61,9.5,
358609,8.6,0.725,0.24,6.6,0.12,31,134,1.0,3.32,1.07,9.3,
504103,10.6,0.48,0.64,2.2,0.11,6,20,1.0,3.26,0.66,11.7,
784371,7.0,0.58,0.12,1.9,0.09,34,124,1.0,3.44,0.48,10.5,
765890,11.9,0.38,0.51,2.0,0.12,7,20,1.0,3.24,0.76,10.4,
102792,6.8,0.77,0.0,1.8,0.07,34,52,1.0,3.62,0.68,9.9,
547418,9.5,0.56,0.33,2.4,0.09,35,67,1.0,3.28,0.73,11.8,
728557,6.6,0.84,0.03,2.3,0.06,32,48,1.0,3.52,0.56,12.3,
570231,7.7,0.96,0.2,2.0,0.05,15,60,1.0,3.36,0.44,10.9,
586984,10.5,0.24,0.47,2.1,0.07,6,24,1.0,3.15,0.9,11.0,
319078,7.7,0.96,0.2,2.0,0.05,15,60,1.0,3.36,0.44,10.9,
530965,6.6,0.84,0.03,2.3,0.06,32,48,1.0,3.52,0.56,12.3,
265924,6.4,0.67,0.08,2.1,0.04,19,48,0.99,3.49,0.49,11.4,
699718,9.5,0.78,0.22,1.9,0.08,6,32,1.0,3.26,0.56,10.6,
770159,9.1,0.52,0.33,1.3,0.07,9,30,1.0,3.24,0.6,9.3,
629054,12.8,0.84,0.63,2.4,0.09,13,35,1.0,3.1,0.6,10.4,
91576,10.5,0.24,0.47,2.1,0.07,6,24,1.0,3.15,0.9,11.0,
594305,7.8,0.55,0.35,2.2,0.07,21,66,1.0,3.25,0.56,9.2,
166597,11.9,0.37,0.69,2.3,0.08,12,24,1.0,3.0,0.65,12.8,
604687,12.3,0.39,0.63,2.3,0.09,6,18,1.0,3.16,0.49,9.5,
147162,10.4,0.41,0.55,3.2,0.08,22,54,1.0,3.15,0.89,9.9,
647884,12.3,0.39,0.63,2.3,0.09,6,18,1.0,3.16,0.49,9.5,
73379,8.0,0.67,0.3,2.0,0.06,38,62,1.0,3.26,0.56,10.2,
560927,11.1,0.45,0.73,3.2,0.07,6,22,1.0,3.17,0.66,11.2,
482704,10.4,0.41,0.55,3.2,0.08,22,54,1.0,3.15,0.89,9.9,
773583,7.0,0.62,0.18,1.5,0.06,7,50,1.0,3.08,0.6,9.3,
415701,12.6,0.31,0.72,2.2,0.07,6,29,1.0,2.88,0.82,9.8,
736152,11.9,0.4,0.65,2.15,0.07,7,27,1.0,3.06,0.68,11.3,
531691,15.6,0.685,0.76,3.7,0.1,6,43,1.0,2.95,0.68,11.2,
643926,10.0,0.44,0.49,2.7,0.08,11,19,1.0,3.23,0.63,11.6,
133134,5.3,0.57,0.01,1.7,0.05,5,27,0.99,3.57,0.84,12.5,
643274,9.5,0.735,0.1,2.1,0.08,6,31,1.0,3.23,0.56,10.1,
98005,12.5,0.38,0.6,2.6,0.08,31,72,1.0,3.1,0.73,10.5,
528567,9.3,0.48,0.29,2.1,0.13,6,16,1.0,3.22,0.72,11.2,
179342,8.6,0.53,0.22,2.0,0.1,7,27,1.0,3.2,0.56,10.2,
601710,11.9,0.39,0.69,2.8,0.1,17,35,1.0,3.1,0.61,10.8,
437886,11.9,0.39,0.69,2.8,0.1,17,35,1.0,3.1,0.61,10.8,
480357,8.4,0.37,0.53,1.8,0.41,9,26,1.0,3.06,1.06,9.1,
792502,6.8,0.56,0.03,1.7,0.08,18,35,1.0,3.44,0.63,10.0,
110765,10.4,0.33,0.63,2.8,0.08,5,22,1.0,3.26,0.74,11.2,
142940,7.0,0.23,0.4,1.6,0.06,21,67,1.0,3.5,0.63,11.1,
345032,11.3,0.62,0.67,5.2,0.09,6,19,1.0,3.22,0.69,13.4,
290767,8.9,0.59,0.39,2.3,0.1,5,22,1.0,3.37,0.58,10.3,
687303,9.2,0.63,0.21,2.7,0.1,29,65,1.0,3.28,0.58,9.6,
530993,10.4,0.33,0.63,2.8,0.08,5,22,1.0,3.26,0.74,11.2,
471857,11.6,0.58,0.66,2.2,0.07,10,47,1.0,3.25,0.57,9.0,
676808,9.2,0.43,0.52,2.3,0.08,14,23,1.0,3.35,0.61,11.3,
415713,8.3,0.615,0.22,2.6,0.09,6,19,1.0,3.26,0.61,9.3,
634296,11.0,0.26,0.68,2.55,0.08,10,25,1.0,3.18,0.61,11.8,
665038,8.1,0.66,0.7,2.2,0.1,25,129,1.0,3.08,0.53,9.0,
2556,11.5,0.315,0.54,2.1,0.08,5,15,1.0,2.98,0.7,9.2,
435722,10.0,0.29,0.4,2.9,0.1,10,26,1.0,3.48,0.91,9.7,
634155,10.3,0.5,0.42,2.0,0.07,21,51,1.0,3.16,0.72,11.5,
563074,8.8,0.46,0.45,2.6,0.06,7,18,0.99,3.32,0.79,14.0,
601290,11.4,0.36,0.69,2.1,0.09,6,21,1.0,3.17,0.62,9.2,
197231,8.7,0.82,0.02,1.2,0.07,36,48,1.0,3.2,0.58,9.8,
445222,13.0,0.32,0.65,2.6,0.09,15,47,1.0,3.05,0.61,10.6,
591451,9.6,0.54,0.42,2.4,0.08,25,52,1.0,3.2,0.71,11.4,
650685,12.5,0.37,0.55,2.6,0.08,25,68,1.0,3.15,0.82,10.4,
393139,9.9,0.35,0.55,2.1,0.06,5,14,1.0,3.26,0.79,10.6,
440101,10.5,0.28,0.51,1.7,0.08,10,24,1.0,3.2,0.89,9.4,
474675,9.6,0.68,0.24,2.2,0.09,5,28,1.0,3.14,0.6,10.2,
210790,9.3,0.27,0.41,2.0,0.09,6,16,1.0,3.28,0.7,9.7,
10496,10.4,0.24,0.49,1.8,0.08,6,20,1.0,3.18,1.06,11.0,
366464,9.6,0.68,0.24,2.2,0.09,5,28,1.0,3.14,0.6,10.2,
204088,9.4,0.685,0.11,2.7,0.08,6,31,1.0,3.19,0.7,10.1,
693879,10.6,0.28,0.39,15.5,0.07,6,23,1.0,3.12,0.66,9.2,
400001,9.4,0.3,0.56,2.8,0.08,6,17,1.0,3.15,0.92,11.7,
721145,10.6,0.36,0.59,2.2,0.15,6,18,1.0,3.04,1.05,9.4,
729007,10.6,0.36,0.6,2.2,0.15,7,18,1.0,3.04,1.06,9.4,
575743,10.6,0.44,0.68,4.1,0.11,6,24,1.0,3.06,0.66,13.4,
723839,10.2,0.67,0.39,1.9,0.05,6,17,1.0,3.17,0.47,10.0,
770864,10.2,0.67,0.39,1.9,0.05,6,17,1.0,3.17,0.47,10.0,
49011,10.2,0.645,0.36,1.8,0.05,5,14,1.0,3.17,0.42,10.0,
748559,11.6,0.32,0.55,2.8,0.08,35,67,1.0,3.32,0.92,10.8,
285663,9.3,0.39,0.4,2.6,0.07,10,26,1.0,3.34,0.75,10.2,
34306,9.3,0.775,0.27,2.8,0.08,24,56,1.0,3.31,0.67,10.6,
455675,9.2,0.41,0.5,2.5,0.06,12,25,1.0,3.34,0.79,13.3,
790356,8.9,0.4,0.51,2.6,0.05,13,27,1.0,3.32,0.9,13.4,
4685,8.7,0.69,0.31,3.0,0.09,23,81,1.0,3.48,0.74,11.6,
215593,6.5,0.39,0.23,8.3,0.05,28,91,1.0,3.44,0.55,12.1,
427870,10.7,0.35,0.53,2.6,0.07,5,16,1.0,3.15,0.65,11.0,
713773,7.8,0.52,0.25,1.9,0.08,14,38,1.0,3.43,0.65,9.0,
222563,7.2,0.34,0.32,2.5,0.09,43,113,1.0,3.32,0.79,11.1,
96158,10.7,0.35,0.53,2.6,0.07,5,16,1.0,3.15,0.65,11.0,
129229,8.7,0.69,0.31,3.0,0.09,23,81,1.0,3.48,0.74,11.6,
568233,7.8,0.52,0.25,1.9,0.08,14,38,1.0,3.43,0.65,9.0,
698592,10.4,0.44,0.73,6.55,0.07,38,76,1.0,3.17,0.85,12.0,
2492,10.4,0.44,0.73,6.55,0.07,38,76,1.0,3.17,0.85,12.0,
753337,10.5,0.26,0.47,1.9,0.08,6,24,1.0,3.18,1.04,10.9,
681848,10.5,0.24,0.42,1.8,0.08,6,22,1.0,3.21,1.05,10.8,
298575,10.2,0.49,0.63,2.9,0.07,10,26,1.0,3.16,0.78,12.5,
695637,10.4,0.24,0.46,1.8,0.08,6,21,1.0,3.25,1.02,10.8,
162461,11.2,0.67,0.55,2.3,0.08,6,13,1.0,3.17,0.71,9.5,
776689,10.0,0.59,0.31,2.2,0.09,26,62,1.0,3.18,0.63,10.2,
393936,13.3,0.29,0.75,2.8,0.08,23,43,1.0,3.04,0.68,11.4,
397723,12.4,0.42,0.49,4.6,0.07,19,43,1.0,3.02,0.61,9.5,
298065,10.0,0.59,0.31,2.2,0.09,26,62,1.0,3.18,0.63,10.2,
616362,10.7,0.4,0.48,2.1,0.12,15,49,1.0,3.03,0.81,9.7,
235545,10.5,0.51,0.64,2.4,0.11,6,15,1.0,3.09,0.66,11.8,
774165,10.5,0.51,0.64,2.4,0.11,6,15,1.0,3.09,0.66,11.8,
64164,8.5,0.655,0.49,6.1,0.12,34,151,1.0,3.31,1.14,9.3,
745913,12.5,0.6,0.49,4.3,0.1,5,14,1.0,3.25,0.74,11.9,
139416,10.4,0.61,0.49,2.1,0.2,5,16,1.0,3.16,0.63,8.4,
394877,10.9,0.21,0.49,2.8,0.09,11,32,1.0,3.22,0.68,11.7,
211163,7.3,0.365,0.49,2.5,0.09,39,106,1.0,3.36,0.78,11.0,
502765,9.8,0.25,0.49,2.7,0.09,15,33,1.0,3.42,0.9,10.0,
715399,7.6,0.41,0.49,2.0,0.09,16,43,1.0,3.48,0.64,9.1,
232569,8.2,0.39,0.49,2.3,0.1,47,133,1.0,3.38,0.99,9.8,
586950,9.3,0.4,0.49,2.5,0.08,38,142,1.0,3.22,0.55,9.4,
696000,9.2,0.43,0.49,2.4,0.09,23,116,1.0,3.23,0.64,9.5,
362336,10.4,0.64,0.24,2.8,0.1,29,53,1.0,3.24,0.67,9.9,
757881,7.3,0.365,0.49,2.5,0.09,39,106,1.0,3.36,0.78,11.0,
162111,7.0,0.38,0.49,2.5,0.1,33,85,1.0,3.39,0.77,11.4,
584366,8.2,0.42,0.49,2.6,0.08,32,55,1.0,3.34,0.75,8.7,
386517,9.9,0.63,0.24,2.4,0.08,6,33,1.0,3.09,0.57,9.4,
639213,9.1,0.22,0.24,2.1,0.08,1,28,1.0,3.41,0.87,10.3,
316734,11.9,0.38,0.49,2.7,0.1,12,42,1.0,3.16,0.61,10.3,
653127,11.9,0.38,0.49,2.7,0.1,12,42,1.0,3.16,0.61,10.3,
371628,10.3,0.27,0.24,2.1,0.07,15,33,1.0,3.22,0.66,12.8,
31173,10.0,0.48,0.24,2.7,0.1,13,32,1.0,3.28,0.56,10.0,
575477,9.1,0.22,0.24,2.1,0.08,1,28,1.0,3.41,0.87,10.3,
223941,9.9,0.63,0.24,2.4,0.08,6,33,1.0,3.09,0.57,9.4,
720130,8.1,0.825,0.24,2.1,0.08,5,13,1.0,3.37,0.77,10.7,
387997,12.9,0.35,0.49,5.8,0.07,5,35,1.0,3.2,0.66,12.0,
515482,11.2,0.5,0.74,5.15,0.1,5,17,1.0,3.22,0.62,11.2,
235439,9.2,0.59,0.24,3.3,0.1,20,47,1.0,3.26,0.67,9.6,
188585,9.5,0.46,0.49,6.3,0.06,5,17,1.0,3.21,0.73,11.0,
441151,9.3,0.715,0.24,2.1,0.07,5,20,1.0,3.12,0.59,9.9,
170401,11.2,0.66,0.24,2.5,0.08,16,53,1.0,3.06,0.72,11.0,
656051,14.3,0.31,0.74,1.8,0.08,6,15,1.0,2.86,0.79,8.4,
248855,9.1,0.47,0.49,2.6,0.09,38,106,1.0,3.08,0.59,9.1,
380018,7.5,0.55,0.24,2.0,0.08,10,28,1.0,3.45,0.78,9.5,
520427,10.6,0.31,0.49,2.5,0.07,6,21,1.0,3.26,0.86,10.7,
798882,12.4,0.35,0.49,2.6,0.08,27,69,1.0,3.12,0.75,10.4,
107776,9.0,0.53,0.49,1.9,0.17,6,25,1.0,3.27,0.61,9.4,
200735,6.8,0.51,0.01,2.1,0.07,9,25,1.0,3.33,0.56,9.5,
641836,9.4,0.43,0.24,2.8,0.09,14,45,1.0,3.19,0.73,10.0,
634223,9.5,0.46,0.24,2.7,0.09,14,44,1.0,3.12,0.74,10.0,
258420,5.0,1.04,0.24,1.6,0.05,32,96,0.99,3.74,0.62,11.5,
513898,15.5,0.645,0.49,4.2,0.1,10,23,1.0,2.92,0.74,11.1,
97651,15.5,0.645,0.49,4.2,0.1,10,23,1.0,2.92,0.74,11.1,
278305,10.9,0.53,0.49,4.6,0.12,10,17,1.0,3.07,0.56,11.7,
4592,15.6,0.645,0.49,4.2,0.1,10,23,1.0,2.92,0.74,11.1,
744648,10.9,0.53,0.49,4.6,0.12,10,17,1.0,3.07,0.56,11.7,
68281,13.0,0.47,0.49,4.3,0.08,6,47,1.0,3.3,0.68,12.7,
754420,12.7,0.6,0.49,2.8,0.08,5,19,1.0,3.14,0.57,11.4,
459033,9.0,0.44,0.49,2.4,0.08,26,121,1.0,3.23,0.58,9.2,
2565,9.0,0.54,0.49,2.9,0.09,41,110,1.0,3.08,0.61,9.2,
273357,7.6,0.29,0.49,2.7,0.09,25,60,1.0,3.31,0.61,10.1,
220778,13.0,0.47,0.49,4.3,0.08,6,47,1.0,3.3,0.68,12.7,
490841,12.7,0.6,0.49,2.8,0.08,5,19,1.0,3.14,0.57,11.4,
530581,8.7,0.7,0.24,2.5,0.23,5,15,1.0,3.32,0.6,9.0,
675110,8.7,0.7,0.24,2.5,0.23,5,15,1.0,3.32,0.6,9.0,
547771,9.8,0.5,0.49,2.6,0.25,5,20,1.0,3.31,0.79,10.7,
745704,6.2,0.36,0.24,2.2,0.1,19,42,0.99,3.57,0.57,11.7,
336428,11.5,0.35,0.49,3.3,0.07,10,37,1.0,3.32,0.91,11.0,
82075,6.2,0.36,0.24,2.2,0.1,19,42,0.99,3.57,0.57,11.7,
633504,10.2,0.24,0.49,2.4,0.08,10,28,1.0,3.14,0.61,10.4,
620368,10.5,0.59,0.49,2.1,0.07,14,47,1.0,3.3,0.56,9.6,
478642,10.6,0.34,0.49,3.2,0.08,20,78,1.0,3.19,0.7,10.0,
277401,12.3,0.27,0.49,3.1,0.08,28,46,1.0,3.2,0.8,10.2,
662278,9.9,0.5,0.24,2.3,0.1,6,14,1.0,3.34,0.52,10.0,
188936,8.8,0.44,0.49,2.8,0.08,18,111,1.0,3.3,0.6,9.5,
479756,8.8,0.47,0.49,2.9,0.08,17,110,1.0,3.29,0.6,9.8,
785607,10.6,0.31,0.49,2.2,0.06,18,40,1.0,3.14,0.51,9.8,
139233,12.3,0.5,0.49,2.2,0.09,5,14,1.0,3.19,0.44,9.6,
282538,12.3,0.5,0.49,2.2,0.09,5,14,1.0,3.19,0.44,9.6,
699260,11.7,0.49,0.49,2.2,0.08,5,15,1.0,3.19,0.43,9.2,
336918,12.0,0.28,0.49,1.9,0.07,10,21,1.0,2.98,0.66,9.9,
306083,11.8,0.33,0.49,3.4,0.09,54,80,1.0,3.3,0.76,10.7,
662357,7.6,0.51,0.24,2.4,0.09,8,38,1.0,3.47,0.66,9.6,
765699,11.1,0.31,0.49,2.7,0.09,16,47,1.0,3.12,1.02,10.6,
87641,7.3,0.73,0.24,1.9,0.11,18,102,1.0,3.26,0.59,9.3,
451754,5.0,0.42,0.24,2.0,0.06,19,50,0.99,3.72,0.74,14.0,
552948,10.2,0.29,0.49,2.6,0.06,5,13,1.0,3.05,0.74,10.5,
589992,9.0,0.45,0.49,2.6,0.08,21,75,1.0,3.35,0.57,9.7,
113580,6.6,0.39,0.49,1.7,0.07,23,149,0.99,3.12,0.5,11.5,
435315,9.0,0.45,0.49,2.6,0.08,21,75,1.0,3.35,0.57,9.7,
445986,9.9,0.49,0.58,3.5,0.09,9,43,1.0,3.29,0.58,9.0,
181608,7.9,0.72,0.17,2.6,0.1,20,38,1.0,3.4,0.53,9.5,
94662,8.9,0.595,0.41,7.9,0.09,30,109,1.0,3.27,0.57,9.3,
117275,12.4,0.4,0.51,2.0,0.06,6,24,1.0,3.04,0.6,9.3,
382566,11.9,0.58,0.58,1.9,0.07,5,18,1.0,3.09,0.63,10.0,
432806,8.5,0.585,0.18,2.1,0.08,5,30,1.0,3.2,0.48,9.8,
100901,12.7,0.59,0.45,2.3,0.08,11,22,1.0,3.0,0.7,9.3,
392047,8.2,0.915,0.27,2.1,0.09,7,23,1.0,3.26,0.47,10.0,
251960,13.2,0.46,0.52,2.2,0.07,12,35,1.0,3.1,0.56,9.0,
38329,7.7,0.835,0.0,2.6,0.08,6,14,1.0,3.3,0.52,9.3,
131192,13.2,0.46,0.52,2.2,0.07,12,35,1.0,3.1,0.56,9.0,
121655,8.3,0.58,0.13,2.9,0.1,14,63,1.0,3.17,0.62,9.1,
348926,8.3,0.6,0.13,2.6,0.08,6,24,1.0,3.31,0.59,9.2,
451552,9.4,0.41,0.48,4.6,0.07,10,20,1.0,3.34,0.79,12.2,
624176,8.8,0.48,0.41,3.3,0.09,26,52,1.0,3.31,0.53,10.5,
16582,10.1,0.65,0.37,5.1,0.11,11,65,1.0,3.32,0.64,10.4,
104475,6.3,0.36,0.19,3.2,0.08,15,39,1.0,3.56,0.52,12.7,
436146,8.8,0.24,0.54,2.5,0.08,25,57,1.0,3.39,0.54,9.2,
723709,13.2,0.38,0.55,2.7,0.08,5,16,1.0,2.98,0.54,9.4,
45773,7.5,0.64,0.0,2.4,0.08,18,29,1.0,3.32,0.6,10.0,
169657,8.2,0.39,0.38,1.5,0.06,10,29,1.0,3.26,0.74,9.8,
246127,9.2,0.755,0.18,2.2,0.15,10,103,1.0,2.87,1.36,10.2,
348732,9.6,0.6,0.5,2.3,0.08,28,71,1.0,3.5,0.57,9.7,
783958,9.6,0.6,0.5,2.3,0.08,28,71,1.0,3.5,0.57,9.7,
335259,11.5,0.31,0.51,2.2,0.08,14,28,1.0,3.03,0.93,9.8,
254932,11.4,0.46,0.5,2.7,0.12,4,17,1.0,3.13,0.7,10.2,
113211,11.3,0.37,0.41,2.3,0.09,6,16,1.0,3.09,0.8,9.3,
705671,8.3,0.54,0.24,3.4,0.08,16,112,1.0,3.27,0.61,9.4,
41199,8.2,0.56,0.23,3.4,0.08,14,104,1.0,3.28,0.62,9.4,
434041,10.0,0.58,0.22,1.9,0.08,9,32,1.0,3.13,0.55,9.5,
210406,7.9,0.51,0.25,2.9,0.08,21,45,1.0,3.49,0.96,12.1,
251364,6.8,0.69,0.0,5.6,0.12,21,58,1.0,3.46,0.72,10.2,
295817,6.8,0.69,0.0,5.6,0.12,21,58,1.0,3.46,0.72,10.2,
52204,8.8,0.6,0.29,2.2,0.1,5,15,1.0,3.36,0.49,9.1,
701982,8.8,0.6,0.29,2.2,0.1,5,15,1.0,3.36,0.49,9.1,
1911,8.7,0.54,0.26,2.5,0.1,7,31,1.0,3.27,0.6,9.3,
129731,7.6,0.685,0.23,2.3,0.11,20,84,1.0,3.21,0.61,9.3,
358862,8.7,0.54,0.26,2.5,0.1,7,31,1.0,3.27,0.6,9.3,
373227,10.4,0.28,0.54,2.7,0.1,5,19,1.0,3.25,0.63,9.5,
168965,7.6,0.41,0.14,3.0,0.09,21,43,1.0,3.32,0.57,10.5,
603685,10.1,0.935,0.22,3.4,0.1,11,86,1.0,3.43,0.64,11.3,
407698,7.9,0.35,0.21,1.9,0.07,46,102,1.0,3.27,0.58,9.5,
236105,8.7,0.84,0.0,1.4,0.06,24,33,1.0,3.27,0.55,9.7,
80075,9.6,0.88,0.28,2.4,0.09,30,147,1.0,3.24,0.53,9.4,
311752,9.5,0.885,0.27,2.3,0.08,31,145,1.0,3.24,0.53,9.4,
745787,7.7,0.915,0.12,2.2,0.14,7,23,1.0,3.35,0.65,10.2,
537634,8.9,0.29,0.35,1.9,0.07,25,57,1.0,3.18,1.36,10.3,
255668,9.9,0.54,0.45,2.3,0.07,16,40,1.0,3.39,0.62,9.4,
627647,9.5,0.59,0.44,2.3,0.07,21,68,1.0,3.46,0.63,9.5,
2071,9.9,0.54,0.45,2.3,0.07,16,40,1.0,3.39,0.62,9.4,
263023,9.5,0.59,0.44,2.3,0.07,21,68,1.0,3.46,0.63,9.5,
549656,9.9,0.54,0.45,2.3,0.07,16,40,1.0,3.39,0.62,9.4,
332259,7.8,0.64,0.1,6.0,0.12,5,11,1.0,3.37,0.69,10.1,
768762,7.3,0.67,0.05,3.6,0.11,6,20,1.0,3.4,0.63,10.1,
290590,8.3,0.845,0.01,2.2,0.07,5,14,1.0,3.32,0.58,11.0,
11486,8.7,0.48,0.3,2.8,0.07,10,28,1.0,3.33,0.67,11.2,
694595,6.7,0.42,0.27,8.6,0.07,24,148,0.99,3.16,0.57,11.3,
695217,10.7,0.43,0.39,2.2,0.11,8,32,1.0,2.89,0.5,9.6,
592939,9.8,0.88,0.25,2.5,0.1,35,155,1.0,3.41,0.67,11.2,
50485,15.9,0.36,0.65,7.5,0.1,22,71,1.0,2.98,0.84,14.9,
464642,9.4,0.33,0.59,2.8,0.08,9,30,1.0,3.12,0.54,12.0,
408800,8.6,0.47,0.47,2.4,0.07,7,29,1.0,3.08,0.46,9.5,
635501,9.7,0.55,0.17,2.9,0.09,20,53,1.0,3.14,0.61,9.4,
137524,10.7,0.43,0.39,2.2,0.11,8,32,1.0,2.89,0.5,9.6,
54964,12.0,0.5,0.59,1.4,0.07,23,42,1.0,2.92,0.68,10.5,
525660,7.2,0.52,0.07,1.4,0.07,5,20,1.0,3.32,0.81,9.6,
255823,7.1,0.84,0.02,4.4,0.1,5,13,1.0,3.41,0.57,11.0,
627458,7.2,0.52,0.07,1.4,0.07,5,20,1.0,3.32,0.81,9.6,
357391,7.5,0.42,0.31,1.6,0.08,15,42,1.0,3.31,0.64,9.0,
401552,7.2,0.57,0.06,1.6,0.08,9,27,1.0,3.36,0.7,9.6,
65818,10.1,0.28,0.46,1.8,0.05,5,13,1.0,3.04,0.79,10.2,
306291,12.1,0.4,0.52,2.0,0.09,15,54,1.0,3.03,0.66,10.2,
248771,9.4,0.59,0.14,2.0,0.08,25,48,1.0,3.14,0.56,9.7,
474595,8.3,0.49,0.36,1.8,0.22,6,16,1.0,3.18,0.6,9.5,
486864,11.3,0.34,0.45,2.0,0.08,6,15,1.0,2.94,0.66,9.2,
468789,10.0,0.73,0.43,2.3,0.06,15,31,1.0,3.15,0.57,11.0,
270711,11.3,0.34,0.45,2.0,0.08,6,15,1.0,2.94,0.66,9.2,
64247,6.9,0.4,0.24,2.5,0.08,30,45,1.0,3.26,0.58,10.0,
88768,8.2,0.73,0.21,1.7,0.07,5,13,1.0,3.2,0.52,9.5,
284229,9.8,1.24,0.34,2.0,0.08,32,151,1.0,3.15,0.53,9.5,
719284,8.2,0.73,0.21,1.7,0.07,5,13,1.0,3.2,0.52,9.5,
266323,10.8,0.4,0.41,2.2,0.08,7,17,1.0,3.08,0.67,9.3,
701956,9.3,0.41,0.39,2.2,0.06,12,31,1.0,3.26,0.65,10.2,
329999,10.8,0.4,0.41,2.2,0.08,7,17,1.0,3.08,0.67,9.3,
706138,8.6,0.8,0.11,2.3,0.08,12,31,1.0,3.4,0.48,9.9,
326417,8.3,0.78,0.1,2.6,0.08,45,87,1.0,3.48,0.53,10.0,
679914,10.8,0.26,0.45,3.3,0.06,20,49,1.0,3.13,0.54,9.6,
230475,13.3,0.43,0.58,1.9,0.07,15,40,1.0,3.06,0.49,9.0,
179620,8.0,0.45,0.23,2.2,0.09,16,29,1.0,3.21,0.49,10.2,
545071,8.5,0.46,0.31,2.25,0.08,32,58,1.0,3.33,0.54,9.8,
27013,8.1,0.78,0.23,2.6,0.06,5,15,1.0,3.37,0.56,11.3,
639407,9.8,0.98,0.32,2.3,0.08,35,152,1.0,3.25,0.48,9.4,
398310,8.1,0.78,0.23,2.6,0.06,5,15,1.0,3.37,0.56,11.3,
551379,7.1,0.65,0.18,1.8,0.07,13,40,1.0,3.44,0.6,9.1,
448625,9.1,0.64,0.23,3.1,0.1,13,38,1.0,3.28,0.59,9.7,
94200,7.7,0.66,0.04,1.6,0.04,4,9,1.0,3.4,0.47,9.4,
330746,8.1,0.38,0.48,1.8,0.16,5,17,1.0,3.3,1.05,9.4,
212093,7.4,1.185,0.0,4.25,0.1,5,14,1.0,3.63,0.54,10.7,
315604,9.2,0.92,0.24,2.6,0.09,12,93,1.0,3.48,0.54,9.8,
49925,8.6,0.49,0.51,2.0,0.42,16,62,1.0,3.03,1.17,9.0,
405349,9.0,0.48,0.32,2.8,0.08,21,122,1.0,3.32,0.62,9.4,
50955,9.0,0.47,0.31,2.7,0.08,24,125,1.0,3.31,0.61,9.4,
531666,5.1,0.47,0.02,1.3,0.03,18,44,0.99,3.9,0.62,12.8,
85373,7.0,0.65,0.02,2.1,0.07,8,25,1.0,3.47,0.67,9.5,
129979,7.0,0.65,0.02,2.1,0.07,8,25,1.0,3.47,0.67,9.5,
719351,9.4,0.615,0.28,3.2,0.09,18,72,1.0,3.31,0.53,9.7,
594232,11.8,0.38,0.55,2.1,0.07,5,19,1.0,3.11,0.62,10.8,
549694,10.6,1.02,0.43,2.9,0.08,26,88,1.0,3.08,0.57,10.1,
711762,7.0,0.65,0.02,2.1,0.07,8,25,1.0,3.47,0.67,9.5,
231820,7.0,0.64,0.02,2.1,0.07,9,23,1.0,3.47,0.67,9.4,
594243,7.5,0.38,0.48,2.6,0.07,22,84,1.0,3.32,0.7,9.6,
494591,9.1,0.765,0.04,1.6,0.08,4,14,1.0,3.29,0.54,9.7,
402684,8.4,1.035,0.15,6.0,0.07,11,54,1.0,3.37,0.49,9.9,
54874,7.0,0.78,0.08,2.0,0.09,10,19,1.0,3.4,0.47,10.0,
574654,7.4,0.49,0.19,3.0,0.08,16,37,1.0,3.37,0.51,10.5,
189414,7.8,0.545,0.12,2.5,0.07,11,35,1.0,3.34,0.61,11.6,
352030,9.7,0.31,0.47,1.6,0.06,13,33,1.0,3.27,0.66,10.0,
463915,10.6,1.025,0.43,2.8,0.08,21,84,1.0,3.06,0.57,10.1,
312403,8.9,0.565,0.34,3.0,0.09,16,112,1.0,3.38,0.61,9.5,
233585,8.7,0.69,0.0,3.2,0.08,13,33,1.0,3.36,0.45,9.4,
193468,8.0,0.43,0.36,2.3,0.08,10,48,1.0,3.34,0.46,9.4,
238153,9.9,0.74,0.28,2.6,0.08,21,77,1.0,3.28,0.51,9.8,
15454,7.2,0.49,0.18,2.7,0.07,13,34,1.0,3.29,0.48,9.2,
500699,8.0,0.43,0.36,2.3,0.08,10,48,1.0,3.34,0.46,9.4,
775668,7.6,0.46,0.11,2.6,0.08,12,49,1.0,3.21,0.57,10.0,
294656,8.4,0.56,0.04,2.0,0.08,10,22,1.0,3.22,0.44,9.6,
789464,7.1,0.66,0.0,3.9,0.09,17,45,1.0,3.46,0.54,9.5,
298379,8.4,0.56,0.04,2.0,0.08,10,22,1.0,3.22,0.44,9.6,
85632,8.9,0.48,0.24,2.85,0.09,35,106,1.0,3.1,0.53,9.2,
358582,7.6,0.42,0.08,2.7,0.08,15,48,1.0,3.21,0.59,10.0,
578237,7.1,0.31,0.3,2.2,0.05,36,127,1.0,2.94,1.62,9.5,
517727,7.5,1.115,0.1,3.1,0.09,5,12,1.0,3.54,0.6,11.2,
581202,9.0,0.66,0.17,3.0,0.08,5,13,1.0,3.29,0.55,10.4,
27732,8.1,0.72,0.09,2.8,0.08,18,49,1.0,3.43,0.72,11.1,
397149,6.4,0.57,0.02,1.8,0.07,4,11,1.0,3.46,0.68,9.5,
374902,6.4,0.57,0.02,1.8,0.07,4,11,1.0,3.46,0.68,9.5,
50347,6.4,0.865,0.03,3.2,0.07,27,58,1.0,3.61,0.49,12.7,
696303,9.5,0.55,0.66,2.3,0.39,12,37,1.0,3.17,0.67,9.6,
338985,8.9,0.875,0.13,3.45,0.09,4,14,1.0,3.44,0.52,11.5,
469702,7.3,0.835,0.03,2.1,0.09,10,19,1.0,3.39,0.47,9.6,
43795,7.0,0.45,0.34,2.7,0.08,16,72,1.0,3.55,0.6,9.5,
474514,7.7,0.56,0.2,2.0,0.08,9,39,1.0,3.48,0.62,9.3,
122661,7.7,0.965,0.1,2.1,0.11,11,22,1.0,3.26,0.5,9.5,
385355,7.7,0.965,0.1,2.1,0.11,11,22,1.0,3.26,0.5,9.5,
548983,8.2,0.59,0.0,2.5,0.09,19,58,1.0,3.5,0.65,9.3,
370166,9.0,0.46,0.23,2.8,0.09,28,104,1.0,3.1,0.56,9.2,
23221,9.0,0.69,0.0,2.4,0.09,19,38,1.0,3.35,0.6,9.3,
73230,8.3,0.76,0.29,4.2,0.08,12,16,1.0,3.45,0.68,11.5,
613806,9.2,0.53,0.24,2.6,0.08,28,139,1.0,3.21,0.57,9.5,
646989,6.5,0.615,0.0,1.9,0.06,9,18,1.0,3.46,0.65,9.2,
703243,11.6,0.41,0.58,2.8,0.1,25,101,1.0,3.13,0.53,10.0,
510916,11.1,0.39,0.54,2.7,0.1,21,101,1.0,3.13,0.51,9.5,
4445,7.3,0.51,0.18,2.1,0.07,12,28,1.0,3.52,0.73,9.5,
654044,8.2,0.34,0.38,2.5,0.08,12,57,1.0,3.3,0.47,9.0,
622876,8.6,0.33,0.4,2.6,0.08,16,68,1.0,3.3,0.48,9.4,
204672,7.2,0.5,0.18,2.1,0.07,12,31,1.0,3.52,0.72,9.6,
444214,7.3,0.51,0.18,2.1,0.07,12,28,1.0,3.52,0.73,9.5,
688685,8.3,0.65,0.1,2.9,0.09,17,40,1.0,3.29,0.55,9.5,
752995,8.3,0.65,0.1,2.9,0.09,17,40,1.0,3.29,0.55,9.5,
226063,7.6,0.54,0.13,2.5,0.1,24,66,1.0,3.39,0.61,9.4,
25029,8.3,0.65,0.1,2.9,0.09,17,40,1.0,3.29,0.55,9.5,
562841,7.8,0.48,0.68,1.7,0.42,14,32,1.0,3.09,1.06,9.1,
366103,7.8,0.91,0.07,1.9,0.06,22,47,1.0,3.51,0.43,10.7,
646377,6.3,0.98,0.01,2.0,0.06,15,33,0.99,3.6,0.46,11.2,
38157,8.1,0.87,0.0,2.2,0.08,10,31,1.0,3.25,0.5,9.8,
189036,8.1,0.87,0.0,2.2,0.08,10,31,1.0,3.25,0.5,9.8,
171058,8.8,0.42,0.21,2.5,0.09,33,88,1.0,3.19,0.52,9.2,
445234,9.0,0.58,0.25,2.8,0.08,9,104,1.0,3.23,0.57,9.7,
748260,9.3,0.655,0.26,2.0,0.1,5,35,1.0,3.25,0.42,9.6,
712612,8.8,0.7,0.0,1.7,0.07,8,19,1.0,3.31,0.53,10.0,
91729,9.3,0.655,0.26,2.0,0.1,5,35,1.0,3.25,0.42,9.6,
385373,9.1,0.68,0.11,2.8,0.09,11,44,1.0,3.31,0.55,9.5,
59440,9.2,0.67,0.1,3.0,0.09,12,48,1.0,3.31,0.54,9.5,
672495,8.8,0.59,0.18,2.9,0.09,12,74,1.0,3.14,0.54,9.4,
529269,7.5,0.6,0.32,2.7,0.1,13,98,1.0,3.45,0.62,9.5,
173741,7.1,0.59,0.02,2.3,0.08,24,94,1.0,3.55,0.53,9.7,
140217,7.9,0.72,0.01,1.9,0.08,7,32,1.0,3.39,0.54,9.6,
472109,7.1,0.59,0.02,2.3,0.08,24,94,1.0,3.55,0.53,9.7,
789760,9.4,0.685,0.26,2.4,0.08,23,143,1.0,3.28,0.55,9.4,
598689,9.5,0.57,0.27,2.3,0.08,23,144,1.0,3.27,0.55,9.4,
217952,7.9,0.4,0.29,1.8,0.16,1,44,1.0,3.3,0.92,9.5,
536309,7.9,0.4,0.3,1.8,0.16,2,45,1.0,3.31,0.91,9.5,
410026,7.2,1.0,0.0,3.0,0.1,7,16,1.0,3.43,0.46,10.0,
61888,6.9,0.765,0.18,2.4,0.24,5,48,1.0,3.4,0.6,10.3,
688904,6.9,0.635,0.17,2.4,0.24,6,18,1.0,3.4,0.59,10.3,
394977,8.3,0.43,0.3,3.4,0.08,7,34,1.0,3.36,0.61,10.5,
317874,7.1,0.52,0.03,2.6,0.08,21,92,1.0,3.5,0.6,9.8,
399586,7.0,0.57,0.0,2.0,0.19,12,45,1.0,3.31,0.6,9.4,
419387,6.5,0.46,0.14,2.4,0.11,9,37,1.0,3.66,0.65,9.8,
529260,9.0,0.82,0.05,2.4,0.08,26,96,1.0,3.36,0.53,10.0,
760964,6.5,0.46,0.14,2.4,0.11,9,37,1.0,3.66,0.65,9.8,
282766,7.1,0.59,0.01,2.5,0.08,20,85,1.0,3.55,0.59,9.8,
534104,9.9,0.35,0.41,2.3,0.08,11,61,1.0,3.21,0.5,9.5,
538013,9.9,0.35,0.41,2.3,0.08,11,61,1.0,3.21,0.5,9.5,
563811,10.0,0.56,0.24,2.2,0.08,19,58,1.0,3.18,0.56,10.1,
581303,10.0,0.56,0.24,2.2,0.08,19,58,1.0,3.18,0.56,10.1,
282728,8.6,0.63,0.17,2.9,0.1,21,119,1.0,3.09,0.52,9.3,
482257,7.4,0.37,0.43,2.6,0.08,18,82,1.0,3.33,0.68,9.7,
587811,8.8,0.64,0.17,2.9,0.08,25,130,1.0,3.23,0.54,9.6,
669228,7.1,0.61,0.02,2.5,0.08,17,87,1.0,3.48,0.6,9.7,
688450,7.7,0.6,0.0,2.6,0.06,7,13,1.0,3.38,0.56,10.8,
191007,10.1,0.27,0.54,2.3,0.06,7,26,1.0,3.17,0.53,12.5,
501002,10.8,0.89,0.3,2.6,0.13,7,60,1.0,2.99,1.18,10.2,
513193,8.7,0.46,0.31,2.5,0.13,24,64,1.0,3.1,0.74,9.6,
143805,9.3,0.37,0.44,1.6,0.04,21,42,1.0,3.24,0.81,10.8,
98568,9.4,0.5,0.34,3.6,0.08,5,14,1.0,3.29,0.52,10.7,
429200,9.4,0.5,0.34,3.6,0.08,5,14,1.0,3.29,0.52,10.7,
450200,7.2,0.61,0.08,4.0,0.08,26,108,1.0,3.25,0.51,9.4,
633915,8.6,0.55,0.09,3.3,0.07,8,17,1.0,3.23,0.44,10.0,
397759,5.1,0.585,0.0,1.7,0.04,14,86,0.99,3.56,0.94,12.9,
727969,7.7,0.56,0.08,2.5,0.11,14,46,1.0,3.24,0.66,9.6,
756301,8.4,0.52,0.22,2.7,0.08,4,18,1.0,3.26,0.57,9.9,
635482,8.2,0.28,0.4,2.4,0.05,4,10,0.99,3.33,0.7,12.8,
399217,8.4,0.25,0.39,2.0,0.04,4,10,0.99,3.27,0.71,12.5,
334602,8.2,0.28,0.4,2.4,0.05,4,10,0.99,3.33,0.7,12.8,
269389,7.4,0.53,0.12,1.9,0.16,4,12,1.0,3.26,0.86,9.2,
764655,7.6,0.48,0.31,2.8,0.07,4,15,1.0,3.22,0.55,10.3,
269711,7.3,0.49,0.1,2.6,0.07,4,14,1.0,3.3,0.47,10.5,
615956,12.9,0.5,0.55,2.8,0.07,7,24,1.0,3.09,0.68,10.9,
628652,10.8,0.45,0.33,2.5,0.1,20,38,1.0,3.24,0.71,10.8,
437101,6.9,0.39,0.24,2.1,0.1,4,7,0.99,3.44,0.58,11.4,
697427,12.6,0.41,0.54,2.8,0.1,19,41,1.0,3.21,0.76,11.3,
716297,10.8,0.45,0.33,2.5,0.1,20,38,1.0,3.24,0.71,10.8,
724765,9.8,0.51,0.19,3.2,0.08,8,30,1.0,3.23,0.58,10.5,
593246,10.8,0.29,0.42,1.6,0.08,19,27,1.0,3.28,0.73,11.9,
721950,7.1,0.715,0.0,2.35,0.07,21,47,1.0,3.29,0.45,9.4,
653084,9.1,0.66,0.15,3.2,0.1,9,59,1.0,3.28,0.54,9.6,
699509,7.0,0.685,0.0,1.9,0.1,9,22,1.0,3.34,0.6,9.7,
311704,4.9,0.42,0.0,2.1,0.05,16,42,0.99,3.71,0.74,14.0,
457423,6.7,0.54,0.13,2.0,0.08,15,36,1.0,3.61,0.64,9.8,
219757,6.7,0.54,0.13,2.0,0.08,15,36,1.0,3.61,0.64,9.8,
50414,7.1,0.48,0.28,2.8,0.07,6,16,1.0,3.24,0.53,10.3,
640554,7.1,0.46,0.14,2.8,0.08,15,37,1.0,3.36,0.49,10.7,
473781,7.5,0.27,0.34,2.3,0.05,4,8,1.0,3.4,0.64,11.0,
770212,7.1,0.46,0.14,2.8,0.08,15,37,1.0,3.36,0.49,10.7,
403949,7.8,0.57,0.09,2.3,0.06,34,45,0.99,3.46,0.74,12.7,
355600,5.9,0.61,0.08,2.1,0.07,16,24,0.99,3.56,0.77,11.1,
171731,7.5,0.685,0.07,2.5,0.06,5,9,1.0,3.38,0.55,10.9,
11118,5.9,0.61,0.08,2.1,0.07,16,24,0.99,3.56,0.77,11.1,
111067,10.4,0.44,0.42,1.5,0.14,34,48,1.0,3.38,0.86,9.9,
409937,11.6,0.47,0.44,1.6,0.15,36,51,1.0,3.38,0.86,9.9,
80169,8.8,0.685,0.26,1.6,0.09,16,23,1.0,3.32,0.47,9.4,
482664,7.6,0.665,0.1,1.5,0.07,27,55,1.0,3.39,0.51,9.3,
584750,6.7,0.28,0.28,2.4,0.01,36,100,0.99,3.26,0.39,11.7,
693121,6.7,0.28,0.28,2.4,0.01,36,100,0.99,3.26,0.39,11.7,
201871,10.1,0.31,0.35,1.6,0.08,9,28,1.0,3.24,0.83,11.2,
457112,6.0,0.5,0.04,2.2,0.09,13,26,1.0,3.46,0.47,10.0,
791438,11.1,0.42,0.47,2.65,0.08,9,34,1.0,3.24,0.77,12.1,
367011,6.6,0.66,0.0,3.0,0.12,21,31,1.0,3.45,0.63,10.3,
207280,10.6,0.5,0.45,2.6,0.12,34,68,1.0,3.23,0.72,10.9,
736313,7.1,0.685,0.35,2.0,0.09,9,92,1.0,3.28,0.62,9.4,
566565,9.9,0.25,0.46,1.7,0.06,26,42,1.0,3.18,0.83,10.6,
200349,6.4,0.64,0.21,1.8,0.08,14,31,1.0,3.59,0.66,9.8,
350906,6.4,0.64,0.21,1.8,0.08,14,31,1.0,3.59,0.66,9.8,
209810,7.4,0.68,0.16,1.8,0.08,12,39,1.0,3.5,0.7,9.9,
787727,6.4,0.64,0.21,1.8,0.08,14,31,1.0,3.59,0.66,9.8,
624404,6.4,0.63,0.21,1.6,0.08,12,32,1.0,3.58,0.66,9.8,
63045,9.3,0.43,0.44,1.9,0.08,9,22,1.0,3.28,0.55,9.5,
374431,9.3,0.43,0.44,1.9,0.08,9,22,1.0,3.28,0.55,9.5,
442513,8.0,0.42,0.32,2.5,0.08,26,122,1.0,3.22,1.07,9.7,
399452,9.3,0.36,0.39,1.5,0.08,41,55,1.0,3.47,0.73,10.9,
191836,9.3,0.36,0.39,1.5,0.08,41,55,1.0,3.47,0.73,10.9,
410002,7.6,0.735,0.02,2.5,0.07,10,14,1.0,3.51,0.71,11.7,
56452,9.3,0.36,0.39,1.5,0.08,41,55,1.0,3.47,0.73,10.9,
759928,8.2,0.26,0.34,2.5,0.07,16,47,1.0,3.4,0.78,11.3,
144303,11.7,0.28,0.47,1.7,0.05,17,32,1.0,3.15,0.67,10.6,
648226,6.8,0.56,0.22,1.8,0.07,15,24,0.99,3.4,0.82,11.2,
446418,7.2,0.62,0.06,2.7,0.08,15,85,1.0,3.51,0.54,9.5,
156496,5.8,1.01,0.66,2.0,0.04,15,88,0.99,3.66,0.6,11.5,
386040,7.5,0.42,0.32,2.7,0.07,7,25,1.0,3.24,0.44,10.4,
93431,7.2,0.62,0.06,2.5,0.08,17,84,1.0,3.51,0.53,9.7,
561449,7.2,0.62,0.06,2.7,0.08,15,85,1.0,3.51,0.54,9.5,
615696,7.2,0.635,0.07,2.6,0.08,16,86,1.0,3.51,0.54,9.7,
716531,6.8,0.49,0.22,2.3,0.07,13,24,0.99,3.41,0.83,11.3,
263140,6.9,0.51,0.23,2.0,0.07,13,22,0.99,3.4,0.84,11.2,
32113,6.8,0.56,0.22,1.8,0.07,15,24,0.99,3.4,0.82,11.2,
725810,7.6,0.63,0.03,2.0,0.08,27,43,1.0,3.44,0.64,10.9,
296805,7.7,0.715,0.01,2.1,0.06,31,43,0.99,3.41,0.57,11.8,
80631,6.9,0.56,0.03,1.5,0.09,36,46,1.0,3.53,0.57,10.6,
117421,7.3,0.35,0.24,2.0,0.07,28,48,1.0,3.43,0.54,10.0,
155246,9.1,0.21,0.37,1.6,0.07,6,10,1.0,3.23,0.58,11.1,
295248,10.4,0.38,0.46,2.1,0.1,6,10,1.0,3.12,0.65,11.8,
695914,8.8,0.31,0.4,2.8,0.11,7,16,1.0,3.31,0.79,11.8,
436682,7.1,0.47,0.0,2.2,0.07,7,14,1.0,3.4,0.58,10.9,
634585,7.7,0.715,0.01,2.1,0.06,31,43,0.99,3.41,0.57,11.8,
418120,8.8,0.61,0.19,4.0,0.09,30,69,1.0,3.22,0.5,10.0,
757898,7.2,0.6,0.04,2.5,0.08,18,88,1.0,3.53,0.55,9.5,
573407,9.2,0.56,0.18,1.6,0.08,10,21,1.0,3.15,0.49,9.9,
183729,7.6,0.715,0.0,2.1,0.07,30,35,1.0,3.48,0.65,11.4,
767854,8.4,0.31,0.29,3.1,0.19,14,26,1.0,3.22,0.78,12.0,
310932,7.2,0.6,0.04,2.5,0.08,18,88,1.0,3.53,0.55,9.5,
519777,8.8,0.61,0.19,4.0,0.09,30,69,1.0,3.22,0.5,10.0,
305172,8.9,0.75,0.14,2.5,0.09,9,30,1.0,3.34,0.64,10.5,
512330,9.0,0.8,0.12,2.4,0.08,8,28,1.0,3.33,0.65,10.4,
333108,10.7,0.52,0.38,2.6,0.07,29,56,1.0,3.15,0.79,12.1,
476309,6.8,0.57,0.0,2.5,0.07,32,64,0.99,3.43,0.56,11.2,
205592,10.7,0.9,0.34,6.6,0.11,23,99,1.0,3.22,0.68,9.3,
88382,7.2,0.34,0.24,2.0,0.07,30,52,1.0,3.44,0.58,10.1,
498238,7.2,0.66,0.03,2.3,0.08,16,86,1.0,3.53,0.57,9.7,
636217,10.1,0.45,0.23,1.9,0.08,10,18,1.0,3.22,0.65,9.3,
185131,7.2,0.66,0.03,2.3,0.08,16,86,1.0,3.53,0.57,9.7,
295261,7.2,0.63,0.03,2.2,0.08,17,88,1.0,3.53,0.58,9.8,
235085,7.1,0.59,0.01,2.3,0.08,27,43,1.0,3.42,0.58,10.7,
653018,8.3,0.31,0.39,2.4,0.08,17,43,0.99,3.31,0.77,12.5,
276831,7.1,0.59,0.01,2.3,0.08,27,43,1.0,3.42,0.58,10.7,
240931,8.3,0.31,0.39,2.4,0.08,17,43,0.99,3.31,0.77,12.5,
137986,8.3,1.02,0.02,3.4,0.08,6,11,1.0,3.48,0.49,11.0,
90544,8.9,0.31,0.36,2.6,0.06,10,39,1.0,3.4,0.69,11.8,
88739,7.4,0.635,0.1,2.4,0.08,16,33,1.0,3.58,0.69,10.8,
54564,7.4,0.635,0.1,2.4,0.08,16,33,1.0,3.58,0.69,10.8,
719527,6.8,0.59,0.06,6.0,0.06,11,18,1.0,3.41,0.59,10.8,
299323,6.8,0.59,0.06,6.0,0.06,11,18,1.0,3.41,0.59,10.8,
712642,9.2,0.58,0.2,3.0,0.08,15,115,1.0,3.23,0.59,9.5,
80064,7.2,0.54,0.27,2.6,0.08,12,78,1.0,3.39,0.71,11.0,
717876,6.1,0.56,0.0,2.2,0.08,6,9,0.99,3.59,0.54,11.5,
132845,7.4,0.52,0.13,2.4,0.08,34,61,1.0,3.43,0.59,10.8,
256843,7.3,0.305,0.39,1.2,0.06,7,11,0.99,3.29,0.52,11.5,
137396,9.3,0.38,0.48,3.8,0.13,3,11,1.0,3.23,0.57,13.2,
149152,9.1,0.28,0.46,9.0,0.11,3,9,1.0,3.18,0.6,10.9,
664079,10.0,0.46,0.44,2.9,0.06,4,8,1.0,3.33,0.62,12.2,
572648,9.4,0.395,0.46,4.6,0.09,3,10,1.0,3.27,0.64,12.2,
297283,7.3,0.305,0.39,1.2,0.06,7,11,0.99,3.29,0.52,11.5,
130200,8.6,0.315,0.4,2.2,0.08,3,6,1.0,3.27,0.67,11.9,
516983,5.3,0.715,0.19,1.5,0.16,7,62,0.99,3.62,0.61,11.0,
576057,6.8,0.41,0.31,8.8,0.08,26,45,1.0,3.38,0.64,10.1,
252983,8.4,0.36,0.32,2.2,0.08,32,79,1.0,3.3,0.72,11.0,
331733,8.4,0.62,0.12,1.8,0.07,38,46,1.0,3.38,0.89,11.8,
177412,9.6,0.41,0.37,2.3,0.09,10,23,1.0,3.24,0.56,10.5,
769060,8.4,0.36,0.32,2.2,0.08,32,79,1.0,3.3,0.72,11.0,
327415,8.4,0.62,0.12,1.8,0.07,38,46,1.0,3.38,0.89,11.8,
143789,6.8,0.41,0.31,8.8,0.08,26,45,1.0,3.38,0.64,10.1,
167990,8.6,0.47,0.27,2.3,0.06,14,28,1.0,3.18,0.8,11.2,
519470,8.6,0.22,0.36,1.9,0.06,53,77,1.0,3.47,0.87,11.0,
734960,9.4,0.24,0.33,2.3,0.06,52,73,1.0,3.47,0.9,10.2,
31744,8.4,0.67,0.19,2.2,0.09,11,75,1.0,3.2,0.59,9.2,
269600,8.6,0.47,0.27,2.3,0.06,14,28,1.0,3.18,0.8,11.2,
74235,8.7,0.33,0.38,3.3,0.06,10,19,0.99,3.3,0.73,12.0,
154018,6.6,0.61,0.01,1.9,0.08,8,25,1.0,3.69,0.73,10.5,
427290,7.4,0.61,0.01,2.0,0.07,13,38,1.0,3.48,0.65,9.8,
706347,7.6,0.4,0.29,1.9,0.08,29,66,1.0,3.45,0.59,9.5,
518308,7.4,0.61,0.01,2.0,0.07,13,38,1.0,3.48,0.65,9.8,
587710,6.6,0.61,0.01,1.9,0.08,8,25,1.0,3.69,0.73,10.5,
242517,8.8,0.3,0.38,2.3,0.06,19,72,1.0,3.39,0.72,11.8,
127054,8.8,0.3,0.38,2.3,0.06,19,72,1.0,3.39,0.72,11.8,
358542,12.0,0.63,0.5,1.4,0.07,6,26,1.0,3.07,0.6,10.4,
71030,7.2,0.38,0.38,2.8,0.07,23,42,0.99,3.34,0.72,12.9,
692212,6.2,0.46,0.17,1.6,0.07,7,11,0.99,3.61,0.54,11.4,
778299,9.6,0.33,0.52,2.2,0.07,13,25,1.0,3.36,0.76,12.4,
131137,9.9,0.27,0.49,5.0,0.08,9,17,0.99,3.19,0.52,12.5,
452455,10.1,0.43,0.4,2.6,0.09,13,52,1.0,3.22,0.64,10.0,
516724,9.8,0.5,0.34,2.3,0.09,10,45,1.0,3.24,0.6,9.7,
151655,8.3,0.3,0.49,3.8,0.09,11,24,0.99,3.27,0.64,12.1,
404127,10.2,0.44,0.42,2.0,0.07,7,20,1.0,3.14,0.79,11.1,
39023,10.2,0.44,0.58,4.1,0.09,11,24,1.0,3.29,0.99,12.0,
409059,8.3,0.28,0.48,2.1,0.09,6,12,0.99,3.26,0.62,12.4,
590396,8.9,0.12,0.45,1.8,0.08,10,21,1.0,3.41,0.76,11.9,
445546,8.9,0.12,0.45,1.8,0.08,10,21,1.0,3.41,0.76,11.9,
650041,8.9,0.12,0.45,1.8,0.08,10,21,1.0,3.41,0.76,11.9,
184006,8.3,0.28,0.48,2.1,0.09,6,12,0.99,3.26,0.62,12.4,
259740,8.2,0.31,0.4,2.2,0.06,6,10,1.0,3.31,0.68,11.2,
704217,10.2,0.34,0.48,2.1,0.05,5,9,0.99,3.2,0.69,12.1,
54725,7.6,0.43,0.4,2.7,0.08,6,11,1.0,3.44,0.54,12.2,
766046,8.5,0.21,0.52,1.9,0.09,9,23,1.0,3.36,0.67,10.4,
736263,9.0,0.36,0.52,2.1,0.11,5,10,1.0,3.31,0.62,11.3,
511071,9.5,0.37,0.52,2.0,0.09,12,51,1.0,3.29,0.58,11.1,
13864,6.4,0.57,0.12,2.3,0.12,25,36,1.0,3.47,0.71,11.3,
590621,8.0,0.59,0.05,2.0,0.09,12,32,1.0,3.36,0.61,10.0,
518296,8.5,0.47,0.27,1.9,0.06,18,38,1.0,3.16,0.85,11.1,
3402,7.1,0.56,0.14,1.6,0.08,7,18,1.0,3.27,0.62,9.3,
83156,6.6,0.57,0.02,2.1,0.12,6,16,1.0,3.38,0.69,9.5,
5360,8.8,0.27,0.39,2.0,0.1,20,27,1.0,3.15,0.69,11.2,
589950,8.5,0.47,0.27,1.9,0.06,18,38,1.0,3.16,0.85,11.1,
720528,8.3,0.34,0.4,2.4,0.06,24,48,1.0,3.34,0.86,11.0,
106817,9.0,0.38,0.41,2.4,0.1,6,10,1.0,3.13,0.58,11.9,
455145,8.5,0.66,0.2,2.1,0.1,23,113,1.0,3.13,0.48,9.2,
261379,9.0,0.4,0.43,2.4,0.07,29,46,0.99,3.2,0.6,12.2,
356423,6.7,0.56,0.09,2.9,0.08,7,22,1.0,3.46,0.61,10.2,
691875,10.4,0.26,0.48,1.9,0.07,6,10,1.0,3.33,0.87,10.9,
54070,10.4,0.26,0.48,1.9,0.07,6,10,1.0,3.33,0.87,10.9,
427047,10.1,0.38,0.5,2.4,0.1,6,13,1.0,3.22,0.65,11.6,
96095,8.5,0.34,0.44,1.7,0.08,6,12,1.0,3.52,0.63,10.7,
186694,8.8,0.33,0.41,5.9,0.07,7,13,1.0,3.3,0.62,12.1,
790123,7.2,0.41,0.3,2.1,0.08,35,72,1.0,3.44,0.52,9.4,
21808,7.2,0.41,0.3,2.1,0.08,35,72,1.0,3.44,0.52,9.4,
20994,8.4,0.59,0.29,2.6,0.11,31,119,1.0,3.15,0.5,9.1,
140997,7.0,0.4,0.32,3.6,0.06,9,29,0.99,3.28,0.49,11.3,
722106,12.2,0.45,0.49,1.4,0.08,3,6,1.0,3.13,0.63,10.4,
398576,9.1,0.5,0.3,1.9,0.06,8,17,1.0,3.32,0.71,10.5,
479059,9.5,0.86,0.26,1.9,0.08,13,28,1.0,3.25,0.62,10.0,
241261,7.3,0.52,0.32,2.1,0.07,51,70,0.99,3.34,0.82,12.9,
34851,9.1,0.5,0.3,1.9,0.06,8,17,1.0,3.32,0.71,10.5,
486457,12.2,0.45,0.49,1.4,0.08,3,6,1.0,3.13,0.63,10.4,
777242,7.4,0.58,0.0,2.0,0.06,7,11,1.0,3.45,0.58,11.3,
582532,9.8,0.34,0.39,1.4,0.07,3,7,0.99,3.19,0.55,11.4,
250593,7.1,0.36,0.3,1.6,0.08,35,70,1.0,3.44,0.5,9.4,
783377,7.7,0.39,0.12,1.7,0.1,19,27,1.0,3.16,0.49,9.4,
128202,9.7,0.295,0.4,1.5,0.07,14,21,1.0,3.14,0.51,10.9,
94070,7.7,0.39,0.12,1.7,0.1,19,27,1.0,3.16,0.49,9.4,
750396,7.1,0.34,0.28,2.0,0.08,31,68,1.0,3.45,0.48,9.4,
637188,6.5,0.4,0.1,2.0,0.08,30,47,1.0,3.36,0.48,9.4,
215484,7.1,0.34,0.28,2.0,0.08,31,68,1.0,3.45,0.48,9.4,
485253,10.0,0.35,0.45,2.5,0.09,20,88,1.0,3.15,0.43,9.4,
359744,7.7,0.6,0.06,2.0,0.08,19,41,1.0,3.39,0.62,10.1,
248848,5.6,0.66,0.0,2.2,0.09,3,11,0.99,3.71,0.63,12.8,
32547,5.6,0.66,0.0,2.2,0.09,3,11,0.99,3.71,0.63,12.8,
224863,8.9,0.84,0.34,1.4,0.05,4,10,1.0,3.12,0.48,9.1,
182840,6.4,0.69,0.0,1.65,0.06,7,12,0.99,3.47,0.53,12.9,
608328,7.5,0.43,0.3,2.2,0.06,6,12,0.99,3.44,0.72,11.5,
402600,9.9,0.35,0.38,1.5,0.06,31,47,1.0,3.26,0.82,10.6,
642943,9.1,0.29,0.33,2.05,0.06,13,27,1.0,3.26,0.84,11.7,
79178,6.8,0.36,0.32,1.8,0.07,4,8,0.99,3.36,0.55,12.8,
218901,8.2,0.43,0.29,1.6,0.08,27,45,1.0,3.25,0.54,10.3,
427614,6.8,0.36,0.32,1.8,0.07,4,8,0.99,3.36,0.55,12.8,
359930,9.1,0.29,0.33,2.05,0.06,13,27,1.0,3.26,0.84,11.7,
742871,9.1,0.3,0.34,2.0,0.06,12,25,1.0,3.26,0.84,11.7,
464892,8.9,0.35,0.4,3.6,0.11,12,24,1.0,3.23,0.7,12.0,
465086,9.6,0.5,0.36,2.8,0.12,26,55,1.0,3.18,0.68,10.9,
329183,8.9,0.28,0.45,1.7,0.07,7,12,0.99,3.25,0.55,12.3,
102564,8.9,0.32,0.31,2.0,0.09,12,19,1.0,3.17,0.55,10.4,
31823,7.7,1.005,0.15,2.1,0.1,11,32,1.0,3.23,0.48,10.0,
117529,7.5,0.71,0.0,1.6,0.09,22,31,1.0,3.38,0.58,10.0,
686553,8.0,0.58,0.16,2.0,0.12,3,7,0.99,3.22,0.58,11.2,
776394,10.5,0.39,0.46,2.2,0.08,14,27,1.0,3.06,0.84,11.4,
653806,8.9,0.38,0.4,2.2,0.07,12,28,0.99,3.27,0.75,12.6,
364075,8.0,0.18,0.37,0.9,0.05,36,109,0.99,2.89,0.44,12.7,
213791,8.0,0.18,0.37,0.9,0.05,36,109,0.99,2.89,0.44,12.7,
380445,7.0,0.5,0.14,1.8,0.08,10,23,1.0,3.53,0.61,10.4,
565730,11.3,0.36,0.66,2.4,0.12,3,8,1.0,3.2,0.53,11.9,
152605,11.3,0.36,0.66,2.4,0.12,3,8,1.0,3.2,0.53,11.9,
368766,7.0,0.51,0.09,2.1,0.06,4,9,1.0,3.35,0.54,10.5,
439346,8.2,0.32,0.42,2.3,0.1,3,9,1.0,3.27,0.55,12.3,
112198,7.7,0.58,0.01,1.8,0.09,12,18,1.0,3.32,0.56,10.5,
54698,8.6,0.83,0.0,2.8,0.1,17,43,1.0,3.33,0.6,10.4,
537293,7.9,0.31,0.32,1.9,0.07,14,36,0.99,3.41,0.56,12.6,
155837,6.4,0.795,0.0,2.2,0.06,28,52,0.99,3.49,0.52,11.6,
523909,7.2,0.34,0.21,2.5,0.08,41,68,1.0,3.37,0.54,10.1,
269545,7.7,0.58,0.01,1.8,0.09,12,18,1.0,3.32,0.56,10.5,
698773,7.1,0.59,0.0,2.1,0.09,9,14,0.99,3.42,0.55,11.5,
592917,7.3,0.55,0.01,1.8,0.09,9,15,1.0,3.35,0.58,11.0,
365651,8.1,0.82,0.0,4.1,0.1,5,14,1.0,3.36,0.53,9.6,
495184,7.5,0.57,0.08,2.6,0.09,14,27,1.0,3.3,0.59,10.4,
755650,8.9,0.745,0.18,2.5,0.08,15,48,1.0,3.2,0.47,9.7,
374379,10.1,0.37,0.34,2.4,0.08,5,17,1.0,3.17,0.65,10.6,
337805,7.6,0.31,0.34,2.5,0.08,26,35,0.99,3.22,0.59,12.5,
208542,7.3,0.91,0.1,1.8,0.07,20,56,1.0,3.35,0.56,9.2,
522822,8.7,0.41,0.41,6.2,0.08,25,42,1.0,3.24,0.77,12.6,
103255,8.9,0.5,0.21,2.2,0.09,21,39,1.0,3.33,0.83,11.1,
747587,7.4,0.965,0.0,2.2,0.09,16,32,1.0,3.58,0.67,10.2,
523088,6.9,0.49,0.19,1.7,0.08,13,26,1.0,3.38,0.64,9.8,
763238,8.9,0.5,0.21,2.2,0.09,21,39,1.0,3.33,0.83,11.1,
342304,9.5,0.39,0.41,8.9,0.07,18,39,1.0,3.29,0.81,10.9,
432827,6.4,0.39,0.33,3.3,0.05,12,53,0.99,3.36,0.62,12.2,
121321,6.9,0.44,0.0,1.4,0.07,32,38,0.99,3.32,0.58,11.4,
645395,7.6,0.78,0.0,1.7,0.08,33,45,1.0,3.31,0.62,10.7,
652995,7.1,0.43,0.17,1.8,0.08,27,51,1.0,3.49,0.64,10.4,
554189,9.3,0.49,0.36,1.7,0.08,3,14,1.0,3.27,0.78,10.9,
112756,9.3,0.5,0.36,1.8,0.08,6,17,1.0,3.27,0.77,10.8,
712410,7.1,0.43,0.17,1.8,0.08,27,51,1.0,3.49,0.64,10.4,
101280,8.5,0.46,0.59,1.4,0.41,16,45,1.0,3.03,1.34,9.2,
231570,5.6,0.605,0.05,2.4,0.07,19,25,0.99,3.56,0.55,12.9,
277622,8.3,0.33,0.42,2.3,0.07,9,20,0.99,3.38,0.77,12.7,
394803,8.2,0.64,0.27,2.0,0.1,5,77,1.0,3.13,0.62,9.1,
494264,8.2,0.64,0.27,2.0,0.1,5,77,1.0,3.13,0.62,9.1,
218122,8.9,0.48,0.53,4.0,0.1,3,10,1.0,3.21,0.59,12.1,
173938,7.6,0.42,0.25,3.9,0.1,28,90,1.0,3.15,0.57,9.1,
99904,9.9,0.53,0.57,2.4,0.09,30,52,1.0,3.19,0.76,11.6,
298279,8.9,0.48,0.53,4.0,0.1,3,10,1.0,3.21,0.59,12.1,
767539,11.6,0.23,0.57,1.8,0.07,3,8,1.0,3.14,0.7,9.9,
203374,9.1,0.4,0.5,1.8,0.07,7,16,0.99,3.21,0.69,12.5,
401721,8.0,0.38,0.44,1.9,0.1,6,15,1.0,3.3,0.64,11.4,
492332,10.2,0.29,0.65,2.4,0.08,6,17,1.0,3.22,0.63,11.8,
370973,8.2,0.74,0.09,2.0,0.07,5,10,0.99,3.28,0.57,11.8,
382876,7.7,0.61,0.18,2.4,0.08,6,20,1.0,3.29,0.6,10.2,
366688,6.6,0.52,0.08,2.4,0.07,13,26,0.99,3.4,0.72,12.5,
124231,11.1,0.31,0.53,2.2,0.06,3,10,1.0,3.02,0.83,10.9,
80149,11.1,0.31,0.53,2.2,0.06,3,10,1.0,3.02,0.83,10.9,
640224,8.0,0.62,0.35,2.8,0.09,28,52,1.0,3.31,0.62,10.8,
34938,9.3,0.33,0.45,1.5,0.06,19,37,0.99,3.18,0.89,11.1,
444948,7.5,0.77,0.2,8.1,0.1,30,92,1.0,3.2,0.58,9.2,
708862,7.2,0.35,0.26,1.8,0.08,33,75,1.0,3.4,0.58,9.5,
674883,8.0,0.62,0.33,2.7,0.09,16,37,1.0,3.31,0.58,10.7,
700433,7.5,0.77,0.2,8.1,0.1,30,92,1.0,3.2,0.58,9.2,
62411,9.1,0.25,0.34,2.0,0.07,45,67,1.0,3.44,0.86,10.2,
497518,9.9,0.32,0.56,2.0,0.07,3,8,1.0,3.15,0.73,11.4,
710764,8.6,0.37,0.65,6.4,0.08,3,8,1.0,3.27,0.58,11.0,
582646,8.6,0.37,0.65,6.4,0.08,3,8,1.0,3.27,0.58,11.0,
11053,7.9,0.3,0.68,8.3,0.05,37,278,0.99,3.01,0.51,12.3,
58908,10.3,0.27,0.56,1.4,0.05,3,8,0.99,3.16,0.51,11.8,
594393,7.9,0.3,0.68,8.3,0.05,37,289,0.99,3.01,0.51,12.3,
513275,7.2,0.38,0.3,1.8,0.07,31,70,1.0,3.42,0.59,9.5,
108677,8.7,0.42,0.45,2.4,0.07,32,59,1.0,3.33,0.77,12.0,
87236,7.2,0.38,0.3,1.8,0.07,31,70,1.0,3.42,0.59,9.5,
350780,6.8,0.48,0.08,1.8,0.07,40,64,1.0,3.12,0.49,9.6,
605175,8.5,0.34,0.4,4.7,0.06,3,9,1.0,3.38,0.66,11.6,
29667,7.9,0.19,0.42,1.6,0.06,18,30,0.99,3.29,0.69,11.2,
84212,11.6,0.41,0.54,1.5,0.1,22,41,1.0,3.02,0.76,9.9,
275425,11.6,0.41,0.54,1.5,0.1,22,41,1.0,3.02,0.76,9.9,
203858,10.0,0.26,0.54,1.9,0.08,42,74,0.99,2.98,0.63,11.8,
261719,7.9,0.34,0.42,2.0,0.09,8,19,1.0,3.35,0.6,11.4,
234331,7.0,0.54,0.09,2.0,0.08,10,16,0.99,3.43,0.59,11.5,
61131,9.2,0.31,0.36,2.2,0.08,11,31,1.0,3.33,0.86,12.0,
248547,6.6,0.725,0.09,5.5,0.12,9,17,1.0,3.35,0.49,10.8,
434484,9.4,0.4,0.47,2.5,0.09,6,20,1.0,3.15,0.5,10.5,
309510,6.6,0.725,0.09,5.5,0.12,9,17,1.0,3.35,0.49,10.8,
580772,8.6,0.52,0.38,1.5,0.1,5,18,1.0,3.2,0.52,9.4,
385446,8.0,0.31,0.45,2.1,0.22,5,16,0.99,3.15,0.81,12.5,
30237,8.6,0.52,0.38,1.5,0.1,5,18,1.0,3.2,0.52,9.4,
676109,8.4,0.34,0.42,2.1,0.07,23,36,0.99,3.11,0.78,12.4,
515300,7.4,0.49,0.27,2.1,0.07,14,25,0.99,3.35,0.63,12.0,
759509,6.1,0.48,0.09,1.7,0.08,18,30,0.99,3.45,0.54,11.2,
559008,7.4,0.49,0.27,2.1,0.07,14,25,0.99,3.35,0.63,12.0,
144763,8.0,0.48,0.34,2.2,0.07,16,25,0.99,3.28,0.66,12.4,
648633,6.3,0.57,0.28,2.1,0.05,13,49,0.99,3.41,0.6,12.8,
641109,8.2,0.23,0.42,1.9,0.07,9,17,0.99,3.21,0.54,12.3,
604732,9.1,0.3,0.41,2.0,0.07,10,24,1.0,3.27,0.85,11.7,
205959,8.1,0.78,0.1,3.3,0.09,4,13,1.0,3.36,0.49,9.5,
14602,10.8,0.47,0.43,2.1,0.17,27,66,1.0,3.17,0.76,10.8,
318332,8.3,0.53,0.0,1.4,0.07,6,14,1.0,3.25,0.64,10.0,
425796,5.4,0.42,0.27,2.0,0.09,23,55,0.99,3.78,0.64,12.3,
646679,7.9,0.33,0.41,1.5,0.06,6,35,0.99,3.29,0.71,11.0,
205177,8.9,0.24,0.39,1.6,0.07,3,10,1.0,3.12,0.59,9.5,
255027,5.0,0.4,0.5,4.3,0.05,29,80,0.99,3.49,0.66,13.6,
295205,7.0,0.69,0.07,2.5,0.09,15,21,1.0,3.38,0.6,11.3,
398366,7.0,0.69,0.07,2.5,0.09,15,21,1.0,3.38,0.6,11.3,
183217,7.0,0.69,0.07,2.5,0.09,15,21,1.0,3.38,0.6,11.3,
96105,7.1,0.39,0.12,2.1,0.06,14,24,0.99,3.3,0.53,13.3,
534118,5.6,0.66,0.0,2.5,0.07,7,15,0.99,3.52,0.58,12.9,
607865,7.9,0.54,0.34,2.5,0.08,8,17,0.99,3.2,0.72,13.1,
249382,6.6,0.5,0.0,1.8,0.06,21,28,0.99,3.44,0.55,12.3,
457068,6.3,0.47,0.0,1.4,0.06,27,33,0.99,3.45,0.48,12.3,
316627,10.7,0.4,0.37,1.9,0.08,17,29,1.0,3.12,0.65,11.2,
39432,6.5,0.58,0.0,2.2,0.1,3,13,1.0,3.62,0.62,11.5,
572846,8.8,0.24,0.35,1.7,0.06,13,27,0.99,3.14,0.59,11.3,
223385,5.8,0.29,0.26,1.7,0.06,3,11,0.99,3.39,0.54,13.5,
191564,6.3,0.76,0.0,2.9,0.07,26,52,0.99,3.51,0.6,11.5,
574973,10.0,0.43,0.33,2.7,0.1,28,89,1.0,3.22,0.68,10.0,
179408,10.5,0.43,0.35,3.3,0.09,24,70,1.0,3.21,0.69,10.5,
368931,9.1,0.6,0.0,1.9,0.06,5,10,1.0,3.18,0.63,10.4,
249686,5.9,0.19,0.21,1.7,0.04,57,135,0.99,3.32,0.44,9.5,
715492,7.4,0.36,0.34,1.8,0.08,18,38,0.99,3.38,0.88,13.6,
436992,7.2,0.48,0.07,5.5,0.09,10,18,1.0,3.37,0.68,11.2,
223527,8.5,0.28,0.35,1.7,0.06,6,15,1.0,3.3,0.74,11.8,
436054,8.0,0.25,0.43,1.7,0.07,22,50,0.99,3.38,0.6,11.9,
255678,10.4,0.52,0.45,2.0,0.08,6,13,1.0,3.22,0.76,11.4,
376514,10.4,0.52,0.45,2.0,0.08,6,13,1.0,3.22,0.76,11.4,
64629,7.5,0.41,0.15,3.7,0.1,29,94,1.0,3.14,0.58,9.1,
599413,8.2,0.51,0.24,2.0,0.08,16,86,1.0,3.34,0.64,9.5,
543535,7.3,0.4,0.3,1.7,0.08,33,79,1.0,3.41,0.65,9.5,
56931,8.2,0.38,0.32,2.5,0.08,24,71,1.0,3.27,0.85,11.0,
46996,6.9,0.45,0.11,2.4,0.04,6,12,0.99,3.3,0.65,11.4,
623867,7.0,0.22,0.3,1.8,0.06,16,20,1.0,3.61,0.82,10.0,
17392,7.3,0.32,0.23,2.3,0.07,35,70,1.0,3.43,0.62,10.1,
350752,8.2,0.2,0.43,2.5,0.08,31,51,1.0,3.53,0.81,10.4,
602479,7.8,0.5,0.12,1.8,0.18,6,21,1.0,3.28,0.87,9.8,
703208,10.0,0.41,0.45,6.2,0.07,6,14,1.0,3.21,0.49,11.8,
276689,7.8,0.39,0.42,2.0,0.09,9,21,1.0,3.39,0.66,11.6,
581110,10.0,0.35,0.47,2.0,0.06,6,11,1.0,3.23,0.52,12.0,
123845,8.2,0.33,0.32,2.8,0.07,4,12,0.99,3.3,0.76,12.8,
169280,6.1,0.58,0.23,2.5,0.04,16,70,0.99,3.46,0.65,12.5,
84350,8.3,0.6,0.25,2.2,0.12,9,38,1.0,3.15,0.53,9.8,
91282,9.6,0.42,0.35,2.1,0.08,17,38,1.0,3.23,0.66,11.1,
82020,6.6,0.58,0.0,2.2,0.1,50,63,1.0,3.59,0.68,11.4,
224286,8.3,0.6,0.25,2.2,0.12,9,38,1.0,3.15,0.53,9.8,
418346,8.5,0.18,0.51,1.75,0.07,45,88,1.0,3.33,0.76,11.8,
69620,5.1,0.51,0.18,2.1,0.04,16,101,0.99,3.46,0.87,12.9,
332469,6.7,0.41,0.43,2.8,0.08,22,54,1.0,3.42,1.16,10.6,
186479,10.2,0.41,0.43,2.2,0.11,11,37,1.0,3.16,0.67,10.8,
536210,10.6,0.36,0.57,2.3,0.09,6,20,1.0,3.14,0.72,11.1,
141508,8.8,0.45,0.43,1.4,0.08,12,21,1.0,3.21,0.75,10.2,
646547,8.5,0.32,0.42,2.3,0.08,12,19,0.99,3.14,0.71,11.8,
376279,9.0,0.785,0.24,1.7,0.08,10,21,1.0,3.29,0.67,10.0,
186853,9.0,0.785,0.24,1.7,0.08,10,21,1.0,3.29,0.67,10.0,
520138,8.5,0.44,0.5,1.9,0.37,15,38,1.0,3.01,1.1,9.4,
636716,9.9,0.54,0.26,2.0,0.11,7,60,1.0,2.94,0.98,10.2,
117788,8.2,0.33,0.39,2.5,0.07,29,48,1.0,3.32,0.88,12.4,
252697,6.5,0.34,0.27,2.8,0.07,8,44,0.99,3.21,0.56,12.0,
117254,7.6,0.5,0.29,2.3,0.09,5,14,1.0,3.32,0.62,11.5,
181272,9.2,0.36,0.34,1.6,0.06,5,12,1.0,3.2,0.67,10.5,
442896,7.1,0.59,0.0,2.2,0.08,26,44,1.0,3.42,0.68,10.8,
258532,9.7,0.42,0.46,2.1,0.07,5,16,1.0,3.27,0.74,12.3,
794867,7.6,0.36,0.31,1.7,0.08,26,65,1.0,3.46,0.62,9.5,
493738,7.6,0.36,0.31,1.7,0.08,26,65,1.0,3.46,0.62,9.5,
453417,6.5,0.61,0.0,2.2,0.1,48,59,1.0,3.61,0.7,11.5,
636412,6.5,0.88,0.03,5.6,0.08,23,47,1.0,3.58,0.5,11.2,
371577,7.1,0.66,0.0,2.4,0.05,6,11,0.99,3.35,0.66,12.7,
679961,5.6,0.915,0.0,2.1,0.04,17,78,0.99,3.68,0.73,11.4,
277519,8.2,0.35,0.33,2.4,0.08,11,47,1.0,3.27,0.81,11.0,
288642,8.2,0.35,0.33,2.4,0.08,11,47,1.0,3.27,0.81,11.0,
295440,9.8,0.39,0.43,1.65,0.07,5,11,0.99,3.19,0.46,11.4,
327125,10.2,0.4,0.4,2.5,0.07,41,54,1.0,3.38,0.86,10.5,
701702,6.8,0.66,0.07,1.6,0.07,16,61,1.0,3.29,0.6,9.3,
640634,6.7,0.64,0.23,2.1,0.08,11,119,1.0,3.36,0.7,10.9,
58549,7.0,0.43,0.3,2.0,0.08,6,39,0.99,3.33,0.46,11.9,
686197,6.6,0.8,0.03,7.8,0.08,6,12,1.0,3.52,0.5,12.2,
108681,7.0,0.43,0.3,2.0,0.08,6,39,0.99,3.33,0.46,11.9,
778484,6.7,0.64,0.23,2.1,0.08,11,119,1.0,3.36,0.7,10.9,
462392,8.8,0.955,0.05,1.8,0.08,5,19,1.0,3.3,0.44,9.6,
62868,9.1,0.4,0.57,4.6,0.08,6,20,1.0,3.28,0.57,12.5,
501732,6.5,0.885,0.0,2.3,0.17,6,12,1.0,3.56,0.51,10.8,
376348,7.2,0.25,0.37,2.5,0.06,11,41,0.99,3.52,0.8,12.4,
218190,6.4,0.885,0.0,2.3,0.17,6,12,1.0,3.56,0.51,10.8,
435158,7.0,0.745,0.12,1.8,0.11,15,64,1.0,3.22,0.59,9.5,
210711,6.2,0.43,0.22,1.8,0.08,21,56,1.0,3.52,0.6,9.5,
691556,7.9,0.58,0.23,2.3,0.08,23,94,1.0,3.21,0.58,9.5,
739659,7.7,0.57,0.21,1.5,0.07,4,9,0.99,3.16,0.54,9.8,
475430,7.7,0.26,0.26,2.0,0.05,19,77,1.0,3.15,0.79,10.9,
355484,7.9,0.58,0.23,2.3,0.08,23,94,1.0,3.21,0.58,9.5,
293528,7.7,0.57,0.21,1.5,0.07,4,9,0.99,3.16,0.54,9.8,
245578,7.9,0.34,0.36,1.9,0.06,5,10,0.99,3.27,0.54,11.2,
303941,8.6,0.42,0.39,1.8,0.07,6,12,1.0,3.35,0.69,11.7,
779455,9.9,0.74,0.19,5.8,0.11,33,76,1.0,3.14,0.55,9.4,
784077,7.2,0.36,0.46,2.1,0.07,24,44,1.0,3.4,0.85,11.0,
584568,7.2,0.36,0.46,2.1,0.07,24,44,1.0,3.4,0.85,11.0,
472188,7.2,0.36,0.46,2.1,0.07,24,44,1.0,3.4,0.85,11.0,
617382,9.9,0.72,0.55,1.7,0.14,24,52,1.0,3.35,0.94,10.0,
732242,7.2,0.36,0.46,2.1,0.07,24,44,1.0,3.4,0.85,11.0,
481680,6.2,0.39,0.43,2.0,0.07,14,24,0.99,3.45,0.87,11.2,
585049,6.8,0.65,0.02,2.1,0.08,8,15,0.99,3.35,0.62,10.4,
55216,6.6,0.44,0.15,2.1,0.08,22,53,1.0,3.32,0.62,9.3,
369971,6.8,0.65,0.02,2.1,0.08,8,15,0.99,3.35,0.62,10.4,
572167,9.6,0.38,0.42,1.9,0.07,5,13,1.0,3.15,0.75,10.5,
140782,10.2,0.33,0.46,1.9,0.08,6,9,1.0,3.1,0.48,10.4,
382231,8.8,0.27,0.46,2.1,0.1,20,29,0.99,3.26,0.56,11.3,
138942,7.9,0.57,0.31,2.0,0.08,10,79,1.0,3.29,0.69,9.5,
429945,8.2,0.34,0.37,1.9,0.06,43,74,0.99,3.23,0.81,12.0,
136278,8.2,0.4,0.31,1.9,0.08,8,24,1.0,3.24,0.69,10.6,
520482,9.0,0.39,0.4,1.3,0.04,25,50,0.99,3.2,0.83,10.9,
759296,10.9,0.32,0.52,1.8,0.13,17,44,1.0,3.28,0.77,11.5,
374960,10.9,0.32,0.52,1.8,0.13,17,44,1.0,3.28,0.77,11.5,
197396,8.1,0.53,0.22,2.2,0.08,33,89,1.0,3.26,0.46,9.6,
245225,10.5,0.36,0.47,2.2,0.07,9,23,1.0,3.23,0.76,12.0,
435742,12.6,0.39,0.49,2.5,0.08,8,20,1.0,3.07,0.82,10.3,
587915,9.2,0.46,0.23,2.6,0.09,18,77,1.0,3.15,0.51,9.4,
434414,7.5,0.58,0.03,4.1,0.08,27,46,1.0,3.02,0.47,9.2,
601809,9.0,0.58,0.25,2.0,0.1,8,21,1.0,3.27,0.72,9.6,
388029,5.1,0.42,0.0,1.8,0.04,18,88,0.99,3.68,0.73,13.6,
274317,7.6,0.43,0.29,2.1,0.08,19,66,1.0,3.4,0.64,9.5,
141267,7.7,0.18,0.34,2.7,0.07,15,58,0.99,3.37,0.78,11.8,
67909,7.8,0.815,0.01,2.6,0.07,48,90,1.0,3.38,0.62,10.8,
716069,7.6,0.43,0.29,2.1,0.08,19,66,1.0,3.4,0.64,9.5,
544072,10.2,0.23,0.37,2.2,0.06,14,36,1.0,3.23,0.49,9.3,
299409,7.1,0.75,0.01,2.2,0.06,11,18,0.99,3.39,0.4,12.8,
391027,6.0,0.33,0.32,12.9,0.05,6,113,1.0,3.3,0.56,11.5,
12355,7.8,0.55,0.0,1.7,0.07,7,17,1.0,3.26,0.64,9.4,
335487,7.1,0.75,0.01,2.2,0.06,11,18,0.99,3.39,0.4,12.8,
133267,8.1,0.73,0.0,2.5,0.08,12,24,1.0,3.38,0.46,9.6,
341919,6.5,0.67,0.0,4.3,0.06,11,20,0.99,3.45,0.56,11.8,
180254,7.5,0.61,0.2,1.7,0.08,36,60,0.99,3.1,0.4,9.3,
782467,9.8,0.37,0.39,2.5,0.08,28,65,1.0,3.16,0.59,9.8,
421349,9.0,0.4,0.41,2.0,0.06,15,40,0.99,3.22,0.6,12.2,
14351,8.3,0.56,0.22,2.4,0.08,10,86,1.0,3.37,0.62,9.5,
53157,5.9,0.29,0.25,13.4,0.07,72,160,1.0,3.33,0.54,10.3,
305148,7.4,0.55,0.19,1.8,0.08,15,34,1.0,3.49,0.68,10.5,
433888,7.4,0.74,0.07,1.7,0.09,15,48,1.0,3.12,0.48,10.0,
634874,7.4,0.55,0.19,1.8,0.08,15,34,1.0,3.49,0.68,10.5,
552807,6.9,0.41,0.33,2.2,0.08,22,36,0.99,3.41,0.75,11.1,
796033,7.1,0.6,0.01,2.3,0.08,24,37,1.0,3.4,0.61,10.9,
692221,7.1,0.6,0.01,2.3,0.08,24,37,1.0,3.4,0.61,10.9,
655544,7.5,0.58,0.14,2.2,0.08,27,60,1.0,3.28,0.59,9.8,
763711,7.1,0.72,0.0,1.8,0.12,6,14,1.0,3.45,0.58,9.8,
641379,7.9,0.66,0.0,1.4,0.1,6,13,1.0,3.43,0.58,9.5,
311301,7.8,0.7,0.06,1.9,0.08,20,35,1.0,3.4,0.69,10.9,
589533,6.1,0.64,0.02,2.4,0.07,26,46,0.99,3.47,0.45,11.0,
642493,7.5,0.59,0.22,1.8,0.08,43,60,0.99,3.1,0.42,9.2,
581881,7.0,0.58,0.28,4.8,0.08,12,69,1.0,3.32,0.7,11.0,
398167,6.8,0.64,0.0,2.7,0.12,15,33,1.0,3.44,0.63,11.3,
135457,6.8,0.64,0.0,2.7,0.12,15,33,1.0,3.44,0.63,11.3,
523694,8.6,0.635,0.68,1.8,0.4,19,56,1.0,3.02,1.15,9.3,
540046,6.3,1.02,0.0,2.0,0.08,17,24,0.99,3.59,0.55,11.2,
190578,9.8,0.45,0.38,2.5,0.08,34,66,1.0,3.15,0.58,9.8,
677664,8.2,0.78,0.0,2.2,0.09,13,26,1.0,3.37,0.46,9.6,
407441,8.5,0.37,0.32,1.8,0.07,26,51,0.99,3.38,0.72,11.8,
81697,7.2,0.57,0.05,2.3,0.08,16,36,1.0,3.38,0.6,10.3,
258219,7.2,0.57,0.05,2.3,0.08,16,36,1.0,3.38,0.6,10.3,
444718,10.4,0.43,0.5,2.3,0.07,13,19,1.0,3.1,0.87,11.4,
92945,6.9,0.41,0.31,2.0,0.08,21,51,1.0,3.47,0.55,9.5,
720092,5.5,0.49,0.03,1.8,0.04,28,87,0.99,3.5,0.82,14.0,
208335,5.0,0.38,0.01,1.6,0.05,26,60,0.99,3.7,0.75,14.0,
226095,7.3,0.44,0.2,1.6,0.05,24,64,0.99,3.38,0.57,11.7,
536179,5.9,0.46,0.0,1.9,0.08,25,44,0.99,3.5,0.53,11.2,
395306,7.5,0.58,0.2,2.0,0.07,34,44,0.99,3.1,0.43,9.3,
519088,7.8,0.58,0.13,2.1,0.1,17,36,0.99,3.24,0.53,11.2,
13850,8.0,0.715,0.22,2.3,0.08,13,81,1.0,3.24,0.54,9.5,
644341,8.5,0.4,0.4,6.3,0.05,3,10,1.0,3.28,0.56,12.0,
506398,7.0,0.69,0.0,1.9,0.11,3,10,1.0,3.35,0.6,9.7,
577738,8.0,0.715,0.22,2.3,0.08,13,81,1.0,3.24,0.54,9.5,
567794,9.8,0.3,0.39,1.7,0.06,3,9,0.99,3.14,0.57,11.5,
24617,7.1,0.46,0.2,1.9,0.08,28,54,1.0,3.37,0.64,10.4,
139050,7.1,0.46,0.2,1.9,0.08,28,54,1.0,3.37,0.64,10.4,
455312,7.9,0.765,0.0,2.0,0.08,9,22,1.0,3.33,0.68,10.9,
371445,8.7,0.63,0.28,2.7,0.1,17,69,1.0,3.26,0.63,10.2,
587006,7.0,0.42,0.19,2.3,0.07,18,36,0.99,3.39,0.56,10.9,
384973,11.3,0.37,0.5,1.8,0.09,20,47,1.0,3.15,0.57,10.5,
473651,7.1,0.16,0.44,2.5,0.07,17,31,0.99,3.35,0.54,12.4,
687639,8.0,0.6,0.08,2.6,0.06,3,7,0.99,3.22,0.37,13.0,
139922,7.0,0.6,0.3,4.5,0.07,20,110,1.0,3.3,1.17,10.2,
789641,7.0,0.6,0.3,4.5,0.07,20,110,1.0,3.3,1.17,10.2,
336492,7.6,0.74,0.0,1.9,0.1,6,12,1.0,3.36,0.59,11.0,
349396,8.2,0.635,0.1,2.1,0.07,25,60,1.0,3.29,0.75,10.9,
88504,5.9,0.395,0.13,2.4,0.06,14,28,0.99,3.62,0.67,12.4,
489135,7.5,0.755,0.0,1.9,0.08,6,12,1.0,3.34,0.49,9.7,
769092,8.2,0.635,0.1,2.1,0.07,25,60,1.0,3.29,0.75,10.9,
697940,6.6,0.63,0.0,4.3,0.09,51,77,1.0,3.2,0.45,9.5,
624653,6.6,0.63,0.0,4.3,0.09,51,77,1.0,3.2,0.45,9.5,
160320,7.2,0.53,0.14,2.1,0.06,15,29,0.99,3.35,0.61,12.1,
276149,5.7,0.6,0.0,1.4,0.06,11,18,0.99,3.45,0.56,12.2,
282565,7.6,1.58,0.0,2.1,0.14,5,9,0.99,3.5,0.4,10.9,
553226,5.2,0.645,0.0,2.15,0.08,15,28,0.99,3.78,0.61,12.5,
759828,6.7,0.86,0.07,2.0,0.1,20,57,1.0,3.6,0.74,11.7,
104356,9.1,0.37,0.32,2.1,0.06,4,15,1.0,3.3,0.8,11.2,
132856,8.0,0.28,0.44,1.8,0.08,28,68,1.0,3.36,0.66,11.2,
398346,7.6,0.79,0.21,2.3,0.09,21,68,1.0,3.12,0.44,9.2,
254408,7.5,0.61,0.26,1.9,0.07,24,88,1.0,3.3,0.53,9.8,
366400,9.7,0.69,0.32,2.5,0.09,22,91,1.0,3.29,0.62,10.1,
362602,6.8,0.68,0.09,3.9,0.07,15,29,1.0,3.41,0.52,11.1,
463054,9.7,0.69,0.32,2.5,0.09,22,91,1.0,3.29,0.62,10.1,
580164,7.0,0.62,0.1,1.4,0.07,27,63,1.0,3.28,0.61,9.2,
712129,7.5,0.61,0.26,1.9,0.07,24,88,1.0,3.3,0.53,9.8,
373040,6.5,0.51,0.15,3.0,0.06,12,27,0.99,3.33,0.59,12.8,
263229,8.0,1.18,0.21,1.9,0.08,14,41,1.0,3.34,0.47,10.5,
266771,7.0,0.36,0.21,2.3,0.09,20,65,1.0,3.4,0.54,10.1,
1595,7.0,0.36,0.21,2.4,0.09,24,69,1.0,3.4,0.53,10.1,
482289,7.5,0.63,0.27,2.0,0.08,17,91,1.0,3.26,0.58,9.8,
574838,5.4,0.74,0.0,1.2,0.04,16,46,0.99,4.01,0.59,12.5,
205496,9.9,0.44,0.46,2.2,0.09,10,41,1.0,3.18,0.69,11.9,
664125,7.5,0.63,0.27,2.0,0.08,17,91,1.0,3.26,0.58,9.8,
302158,9.1,0.76,0.68,1.7,0.41,18,64,1.0,2.9,1.33,9.1,
475253,9.7,0.66,0.34,2.6,0.09,12,88,1.0,3.26,0.66,10.1,
59125,5.0,0.74,0.0,1.2,0.04,16,46,0.99,4.01,0.59,12.5,
752558,9.1,0.34,0.42,1.8,0.06,9,18,0.99,3.18,0.55,11.4,
541180,9.1,0.36,0.39,1.8,0.06,21,55,0.99,3.18,0.82,11.0,
338291,6.7,0.46,0.24,1.7,0.08,18,34,0.99,3.39,0.6,10.6,
549174,6.7,0.46,0.24,1.7,0.08,18,34,0.99,3.39,0.6,10.6,
654671,6.7,0.46,0.24,1.7,0.08,18,34,0.99,3.39,0.6,10.6,
227499,6.7,0.46,0.24,1.7,0.08,18,34,0.99,3.39,0.6,10.6,
639117,6.5,0.52,0.11,1.8,0.07,13,38,1.0,3.34,0.52,9.3,
785475,7.4,0.6,0.26,2.1,0.08,17,91,1.0,3.29,0.56,9.8,
287916,7.4,0.6,0.26,2.1,0.08,17,91,1.0,3.29,0.56,9.8,
315774,7.8,0.87,0.26,3.8,0.11,31,67,1.0,3.26,0.46,9.2,
542649,8.4,0.39,0.1,1.7,0.08,6,25,1.0,3.09,0.43,9.7,
46238,9.1,0.775,0.22,2.2,0.08,12,48,1.0,3.18,0.51,9.6,
626583,7.2,0.835,0.0,2.0,0.17,4,11,1.0,3.39,0.52,10.0,
38140,6.6,0.58,0.02,2.4,0.07,19,40,0.99,3.38,0.66,12.6,
309512,6.0,0.5,0.0,1.4,0.06,15,26,0.99,3.36,0.45,9.5,
612831,6.0,0.5,0.0,1.4,0.06,15,26,0.99,3.36,0.45,9.5,
154030,6.0,0.5,0.0,1.4,0.06,15,26,0.99,3.36,0.45,9.5,
521996,7.5,0.51,0.02,1.7,0.08,13,31,1.0,3.36,0.54,10.5,
169181,7.5,0.51,0.02,1.7,0.08,13,31,1.0,3.36,0.54,10.5,
774680,7.5,0.51,0.02,1.7,0.08,13,31,1.0,3.36,0.54,10.5,
633329,7.6,0.54,0.02,1.7,0.08,17,31,1.0,3.37,0.51,10.4,
406860,7.5,0.51,0.02,1.7,0.08,13,31,1.0,3.36,0.54,10.5,
728533,11.5,0.42,0.48,2.6,0.08,8,20,1.0,3.09,0.53,11.0,
191454,8.2,0.44,0.24,2.3,0.06,10,28,1.0,3.25,0.53,10.2,
564683,6.1,0.59,0.01,2.1,0.06,5,13,0.99,3.52,0.56,11.4,
246788,7.2,0.655,0.03,1.8,0.08,7,12,1.0,3.34,0.39,9.5,
333400,7.2,0.655,0.03,1.8,0.08,7,12,1.0,3.34,0.39,9.5,
62328,6.9,0.57,0.0,2.8,0.08,21,41,1.0,3.41,0.52,10.8,
358905,9.0,0.6,0.29,2.0,0.07,32,73,1.0,3.34,0.57,10.0,
164615,7.2,0.62,0.01,2.3,0.06,8,46,0.99,3.32,0.51,11.8,
161463,7.6,0.645,0.03,1.9,0.09,14,57,1.0,3.37,0.46,10.3,
74046,7.6,0.645,0.03,1.9,0.09,14,57,1.0,3.37,0.46,10.3,
645616,7.2,0.58,0.03,2.3,0.08,7,28,1.0,3.35,0.52,10.0,
194828,6.1,0.32,0.25,1.8,0.09,5,32,0.99,3.36,0.44,10.1,
776683,6.1,0.34,0.25,1.8,0.08,4,28,0.99,3.36,0.44,10.1,
520182,7.3,0.43,0.24,2.5,0.08,27,67,1.0,3.6,0.59,11.1,
477741,7.4,0.64,0.17,5.4,0.17,52,98,1.0,3.28,0.5,9.5,
681115,11.6,0.475,0.4,1.4,0.09,6,28,1.0,3.07,0.65,10.03,
664616,9.2,0.54,0.31,2.3,0.11,11,38,1.0,3.24,0.56,10.9,
223029,8.3,0.85,0.14,2.5,0.09,13,54,1.0,3.36,0.54,10.1,
659309,11.6,0.475,0.4,1.4,0.09,6,28,1.0,3.07,0.65,10.03,
226367,8.0,0.83,0.27,2.0,0.08,11,63,1.0,3.29,0.48,9.8,
330453,7.2,0.605,0.02,1.9,0.1,10,31,1.0,3.46,0.53,11.8,
202086,7.8,0.5,0.09,2.2,0.12,10,42,1.0,3.18,0.62,9.5,
794670,7.3,0.74,0.08,1.7,0.09,10,45,1.0,3.24,0.5,9.8,
554774,6.9,0.54,0.3,2.2,0.09,9,105,1.0,3.25,1.18,10.5,
599935,8.0,0.77,0.32,2.1,0.08,16,74,1.0,3.27,0.5,9.8,
241845,6.6,0.61,0.0,1.6,0.07,4,8,0.99,3.33,0.37,10.4,
160754,8.7,0.78,0.51,1.7,0.42,12,66,1.0,3.0,1.17,9.2,
121442,7.5,0.58,0.56,3.1,0.15,5,14,0.99,3.21,1.03,11.6,
408933,8.7,0.78,0.51,1.7,0.42,12,66,1.0,3.0,1.17,9.2,
155994,7.7,0.75,0.27,3.8,0.11,34,89,1.0,3.24,0.45,9.3,
104705,6.8,0.815,0.0,1.2,0.27,16,29,0.99,3.32,0.51,9.8,
307554,7.2,0.56,0.26,2.0,0.08,13,100,1.0,3.26,0.52,9.9,
181543,8.2,0.885,0.2,1.4,0.09,7,31,0.99,3.11,0.46,10.0,
444771,5.2,0.49,0.26,2.3,0.09,23,74,1.0,3.71,0.62,12.2,
59304,7.2,0.45,0.15,2.0,0.08,10,28,1.0,3.29,0.51,9.9,
74198,7.5,0.57,0.02,2.6,0.08,11,35,1.0,3.36,0.62,10.8,
278135,7.5,0.57,0.02,2.6,0.08,11,35,1.0,3.36,0.62,10.8,
501404,6.8,0.83,0.09,1.8,0.07,4,25,1.0,3.38,0.45,9.6,
218619,8.0,0.6,0.22,2.1,0.08,25,105,1.0,3.3,0.49,9.9,
158227,8.0,0.6,0.22,2.1,0.08,25,105,1.0,3.3,0.49,9.9,
529192,7.1,0.755,0.15,1.8,0.11,20,84,1.0,3.19,0.5,9.5,
522970,8.0,0.81,0.25,3.4,0.08,34,85,1.0,3.19,0.42,9.2,
298984,7.4,0.64,0.07,1.8,0.1,8,23,1.0,3.3,0.58,9.6,
743767,7.4,0.64,0.07,1.8,0.1,8,23,1.0,3.3,0.58,9.6,
425218,6.6,0.64,0.31,6.1,0.08,7,49,1.0,3.35,0.68,10.3,
603932,6.7,0.48,0.02,2.2,0.08,36,111,1.0,3.1,0.53,9.7,
540134,6.0,0.49,0.0,2.3,0.07,15,33,0.99,3.58,0.59,12.5,
274644,8.0,0.64,0.22,2.4,0.09,5,33,1.0,3.37,0.58,11.0,
254953,7.1,0.62,0.06,1.3,0.07,5,12,0.99,3.17,0.48,9.8,
687210,8.0,0.52,0.25,2.0,0.08,19,59,1.0,3.3,0.48,10.2,
564574,6.4,0.57,0.14,3.9,0.07,27,73,1.0,3.32,0.48,9.2,
579865,8.6,0.685,0.1,1.6,0.09,3,12,1.0,3.31,0.65,9.55,
58742,8.7,0.675,0.1,1.6,0.09,4,11,1.0,3.31,0.65,9.55,
758268,7.3,0.59,0.26,2.0,0.08,17,104,1.0,3.28,0.52,9.9,
98519,7.0,0.6,0.12,2.2,0.08,13,28,1.0,3.52,0.62,10.2,
522093,7.2,0.67,0.0,2.2,0.07,10,24,1.0,3.42,0.72,11.1,
768916,7.9,0.69,0.21,2.1,0.08,33,141,1.0,3.25,0.51,9.9,
632796,7.9,0.69,0.21,2.1,0.08,33,141,1.0,3.25,0.51,9.9,
439317,7.6,0.3,0.42,2.0,0.05,6,24,1.0,3.44,0.82,11.9,
86340,7.2,0.33,0.33,1.7,0.06,3,13,1.0,3.23,1.1,10.0,
355575,8.0,0.5,0.39,2.6,0.08,12,46,1.0,3.43,0.62,10.7,
335756,7.7,0.28,0.3,2.0,0.06,18,34,1.0,3.28,0.9,11.3,
651839,8.2,0.24,0.34,5.1,0.06,8,22,1.0,3.22,0.94,10.9,
397704,6.0,0.51,0.0,2.1,0.06,40,54,1.0,3.54,0.93,10.7,
399878,8.1,0.29,0.36,2.2,0.05,35,53,1.0,3.27,1.01,12.4,
338362,6.0,0.51,0.0,2.1,0.06,40,54,1.0,3.54,0.93,10.7,
590688,6.6,0.96,0.0,1.8,0.08,5,16,0.99,3.5,0.44,11.9,
71772,6.4,0.47,0.4,2.4,0.07,8,19,1.0,3.56,0.73,10.6,
288873,8.2,0.24,0.34,5.1,0.06,8,22,1.0,3.22,0.94,10.9,
494283,9.9,0.57,0.25,2.0,0.1,12,89,1.0,3.04,0.9,10.1,
132694,10.0,0.32,0.59,2.2,0.08,3,15,1.0,3.2,0.78,9.6,
208549,6.2,0.58,0.0,1.6,0.06,8,18,1.0,3.56,0.84,9.4,
142666,10.0,0.32,0.59,2.2,0.08,3,15,1.0,3.2,0.78,9.6,
272221,7.3,0.34,0.33,2.5,0.06,21,37,1.0,3.35,0.77,12.1,
6836,7.8,0.53,0.01,1.6,0.08,3,19,1.0,3.16,0.46,9.8,
644184,7.7,0.64,0.21,2.2,0.08,32,133,1.0,3.27,0.45,9.9,
213918,7.8,0.53,0.01,1.6,0.08,3,19,1.0,3.16,0.46,9.8,
257639,7.5,0.4,0.18,1.6,0.08,24,58,1.0,3.34,0.58,9.4,
361650,7.0,0.54,0.0,2.1,0.08,39,55,1.0,3.39,0.84,11.4,
194838,6.4,0.53,0.09,3.9,0.12,14,31,1.0,3.5,0.67,11.0,
672482,8.3,0.26,0.37,1.4,0.08,8,23,1.0,3.26,0.7,9.6,
759939,8.3,0.26,0.37,1.4,0.08,8,23,1.0,3.26,0.7,9.6,
227107,7.7,0.23,0.37,1.8,0.05,23,60,1.0,3.41,0.71,12.1,
747618,7.6,0.41,0.33,2.5,0.08,6,23,1.0,3.3,0.58,11.2,
778736,7.8,0.64,0.0,1.9,0.07,27,55,1.0,3.31,0.63,11.0,
372633,7.9,0.18,0.4,2.2,0.05,38,67,1.0,3.33,0.93,11.3,
690238,7.4,0.41,0.24,1.8,0.07,18,47,1.0,3.37,0.62,10.4,
282573,7.6,0.43,0.31,2.1,0.07,13,74,1.0,3.26,0.54,9.9,
119621,5.9,0.44,0.0,1.6,0.04,3,11,0.99,3.48,0.85,11.7,
716530,6.1,0.4,0.16,1.8,0.07,11,25,1.0,3.42,0.74,10.1,
536063,10.2,0.54,0.37,15.4,0.21,55,95,1.0,3.18,0.77,9.0,
195770,10.2,0.54,0.37,15.4,0.21,55,95,1.0,3.18,0.77,9.0,
2015,10.0,0.38,0.38,1.6,0.17,27,90,1.0,3.15,0.65,8.5,
62059,6.8,0.915,0.29,4.8,0.07,15,39,1.0,3.53,0.54,11.1,
688677,7.0,0.59,0.0,1.7,0.05,3,8,1.0,3.41,0.47,10.3,
457476,7.3,0.67,0.02,2.2,0.07,31,92,1.0,3.32,0.68,11.07,
156603,7.2,0.37,0.32,2.0,0.06,15,28,0.99,3.23,0.73,11.3,
70308,7.4,0.785,0.19,5.2,0.09,19,98,1.0,3.16,0.52,9.57,
447962,6.9,0.63,0.02,1.9,0.08,18,30,1.0,3.4,0.75,9.8,
653273,6.9,0.58,0.2,1.75,0.06,8,22,0.99,3.38,0.49,11.7,
382381,7.3,0.67,0.02,2.2,0.07,31,92,1.0,3.32,0.68,11.1,
196208,7.4,0.785,0.19,5.2,0.09,19,98,1.0,3.16,0.52,9.6,
92521,6.9,0.63,0.02,1.9,0.08,18,30,1.0,3.4,0.75,9.8,
327196,6.8,0.67,0.0,1.9,0.08,22,39,1.0,3.4,0.74,9.7,
708646,6.9,0.58,0.01,1.9,0.08,40,54,1.0,3.4,0.73,9.7,
693968,7.2,0.38,0.31,2.0,0.06,15,29,0.99,3.23,0.76,11.3,
432442,7.2,0.37,0.32,2.0,0.06,15,28,0.99,3.23,0.73,11.3,
114713,7.8,0.32,0.44,2.7,0.1,8,17,1.0,3.33,0.78,11.0,
434096,6.6,0.58,0.02,2.0,0.06,37,53,0.99,3.35,0.76,11.6,
446849,7.6,0.49,0.33,1.9,0.07,27,85,1.0,3.41,0.58,9.0,
312969,11.7,0.45,0.63,2.2,0.07,7,23,1.0,3.21,0.69,10.9,
467044,6.5,0.9,0.0,1.6,0.05,9,17,0.99,3.5,0.63,10.9,
400511,6.0,0.54,0.06,1.8,0.05,38,89,0.99,3.3,0.5,10.55,
546317,7.6,0.49,0.33,1.9,0.07,27,85,1.0,3.41,0.58,9.0,
490571,8.4,0.29,0.4,1.7,0.07,8,20,1.0,3.39,0.6,10.5,
134915,7.9,0.2,0.35,1.7,0.05,7,15,0.99,3.32,0.8,11.9,
611171,6.4,0.42,0.09,2.3,0.05,34,64,1.0,3.41,0.68,10.4,
587227,6.2,0.785,0.0,2.1,0.06,6,13,1.0,3.59,0.61,10.0,
706665,6.8,0.64,0.03,2.3,0.08,14,31,1.0,3.36,0.58,10.4,
553727,6.9,0.63,0.01,2.4,0.08,14,39,1.0,3.34,0.53,10.8,
372583,6.8,0.59,0.1,1.7,0.06,34,53,1.0,3.41,0.67,9.7,
89144,6.8,0.59,0.1,1.7,0.06,34,53,1.0,3.41,0.67,9.7,
272362,7.3,0.48,0.32,2.1,0.06,31,54,1.0,3.3,0.65,10.0,
600601,6.7,1.04,0.08,2.3,0.07,19,32,1.0,3.52,0.57,11.0,
68411,7.3,0.48,0.32,2.1,0.06,31,54,1.0,3.3,0.65,10.0,
177653,7.3,0.98,0.05,2.1,0.06,20,49,1.0,3.31,0.55,9.7,
517182,10.0,0.69,0.11,1.4,0.08,8,24,1.0,2.88,0.47,9.7,
144418,6.7,0.7,0.08,3.75,0.07,8,16,0.99,3.43,0.52,12.6,
99161,7.6,0.35,0.6,2.6,0.07,23,44,1.0,3.38,0.79,11.1,
185563,6.1,0.6,0.08,1.8,0.07,14,45,0.99,3.38,0.54,11.0,
578264,9.9,0.5,0.5,13.8,0.2,48,82,1.0,3.16,0.75,8.8,
685490,5.3,0.47,0.11,2.2,0.05,16,89,0.99,3.54,0.88,13.57,
676776,9.9,0.5,0.5,13.8,0.2,48,82,1.0,3.16,0.75,8.8,
420277,5.3,0.47,0.11,2.2,0.05,16,89,0.99,3.54,0.88,13.6,
442023,7.1,0.875,0.05,5.7,0.08,3,14,1.0,3.4,0.52,10.2,
383779,8.2,0.28,0.6,3.0,0.1,10,22,1.0,3.39,0.68,10.6,
646073,5.6,0.62,0.03,1.5,0.08,6,13,0.99,3.66,0.62,10.1,
794862,8.2,0.28,0.6,3.0,0.1,10,22,1.0,3.39,0.68,10.6,
732184,7.2,0.58,0.54,2.1,0.11,3,9,1.0,3.33,0.57,10.3,
711105,8.1,0.33,0.44,1.5,0.04,6,12,1.0,3.35,0.61,10.7,
356969,6.8,0.91,0.06,2.0,0.06,4,11,1.0,3.53,0.64,10.9,
681307,7.0,0.655,0.16,2.1,0.07,8,25,1.0,3.37,0.55,9.7,
769793,6.8,0.68,0.21,2.1,0.07,9,23,1.0,3.38,0.6,10.3,
383084,6.0,0.64,0.05,1.9,0.07,9,17,0.99,3.52,0.78,10.6,
94001,5.6,0.54,0.04,1.7,0.05,5,13,0.99,3.72,0.58,11.4,
525413,6.2,0.57,0.1,2.1,0.05,4,11,0.99,3.44,0.76,10.8,
384473,7.1,0.22,0.49,1.8,0.04,8,18,0.99,3.39,0.56,12.4,
15009,5.6,0.54,0.04,1.7,0.05,5,13,0.99,3.72,0.58,11.4,
358414,6.2,0.65,0.06,1.6,0.05,6,18,0.99,3.57,0.54,11.95,
332597,7.7,0.54,0.26,1.9,0.09,23,147,1.0,3.26,0.59,9.7,
718565,6.4,0.31,0.09,1.4,0.07,15,28,0.99,3.42,0.7,10.0,
44844,7.0,0.43,0.02,1.9,0.08,15,28,0.99,3.35,0.81,10.6,
550432,7.7,0.54,0.26,1.9,0.09,23,147,1.0,3.26,0.59,9.7,
645264,6.9,0.74,0.03,2.3,0.05,7,16,1.0,3.45,0.63,11.5,
387409,6.6,0.895,0.04,2.3,0.07,7,13,1.0,3.53,0.58,10.8,
390730,6.9,0.74,0.03,2.3,0.05,7,16,1.0,3.45,0.63,11.5,
501175,7.5,0.725,0.04,1.5,0.08,8,15,1.0,3.26,0.53,9.6,
148314,7.8,0.82,0.29,4.3,0.08,21,64,1.0,3.16,0.53,9.4,
753332,7.3,0.585,0.18,2.4,0.08,15,60,1.0,3.31,0.54,9.8,
318291,6.2,0.44,0.39,2.5,0.08,6,14,1.0,3.51,0.69,11.0,
95677,7.5,0.38,0.57,2.3,0.11,5,12,1.0,3.36,0.55,11.4,
719048,6.7,0.76,0.02,1.8,0.08,6,12,1.0,3.55,0.63,9.95,
160445,6.8,0.81,0.05,2.0,0.07,6,14,1.0,3.51,0.66,10.8,
757229,7.5,0.38,0.57,2.3,0.11,5,12,1.0,3.36,0.55,11.4,
502055,7.1,0.27,0.6,2.1,0.07,17,25,1.0,3.38,0.72,10.6,
525189,7.9,0.18,0.4,1.8,0.06,7,20,0.99,3.28,0.7,11.1,
579888,6.4,0.36,0.21,2.2,0.05,26,48,1.0,3.47,0.77,9.7,
616234,7.1,0.69,0.04,2.1,0.07,19,27,1.0,3.44,0.67,9.8,
636459,6.4,0.79,0.04,2.2,0.06,11,17,1.0,3.53,0.65,10.4,
62225,6.4,0.56,0.15,1.8,0.08,17,65,0.99,3.33,0.6,10.5,
92553,6.9,0.84,0.21,4.1,0.07,16,65,1.0,3.53,0.72,9.23,
746777,6.9,0.84,0.21,4.1,0.07,16,65,1.0,3.53,0.72,9.25,
117274,6.1,0.32,0.25,2.3,0.07,23,58,1.0,3.42,0.97,10.6,
275340,6.5,0.53,0.06,2.0,0.06,29,44,0.99,3.38,0.83,10.3,
273638,7.4,0.47,0.46,2.2,0.11,7,20,1.0,3.32,0.63,10.5,
497936,6.6,0.7,0.08,2.6,0.11,14,27,1.0,3.44,0.58,10.2,
640341,6.5,0.53,0.06,2.0,0.06,29,44,0.99,3.38,0.83,10.3,
701918,6.9,0.48,0.2,1.9,0.08,9,23,1.0,3.39,0.43,9.05,
720053,6.1,0.32,0.25,2.3,0.07,23,58,1.0,3.42,0.97,10.6,
243397,6.8,0.48,0.25,2.0,0.08,29,61,1.0,3.34,0.6,10.4,
270307,6.0,0.42,0.19,2.0,0.08,22,47,1.0,3.39,0.78,10.0,
217597,6.7,0.48,0.08,2.1,0.06,18,34,1.0,3.33,0.64,9.7,
57189,6.8,0.47,0.08,2.2,0.06,18,38,1.0,3.3,0.65,9.6,
394917,7.1,0.53,0.07,1.7,0.07,15,24,1.0,3.29,0.66,10.8,
523826,7.9,0.29,0.49,2.2,0.1,21,59,1.0,3.31,0.67,10.1,
316789,7.1,0.69,0.08,2.1,0.06,42,52,1.0,3.42,0.6,10.2,
36802,6.6,0.44,0.09,2.2,0.06,9,18,0.99,3.42,0.69,11.3,
568163,6.1,0.705,0.1,2.8,0.08,13,28,1.0,3.6,0.66,10.2,
269139,7.2,0.53,0.13,2.0,0.06,18,22,1.0,3.21,0.68,9.9,
338520,8.0,0.39,0.3,1.9,0.07,32,84,1.0,3.39,0.61,9.0,
110855,6.6,0.56,0.14,2.4,0.06,13,29,0.99,3.42,0.62,11.7,
385963,7.0,0.55,0.13,2.2,0.08,15,35,1.0,3.36,0.59,9.7,
95808,6.1,0.53,0.08,1.9,0.08,24,45,1.0,3.6,0.68,10.3,
22671,5.4,0.58,0.08,1.9,0.06,20,31,0.99,3.5,0.64,10.2,
472195,6.2,0.64,0.09,2.5,0.08,15,26,1.0,3.57,0.63,12.0,
362065,7.2,0.39,0.32,1.8,0.06,34,60,1.0,3.46,0.78,9.9,
537967,6.2,0.52,0.08,4.4,0.07,11,32,1.0,3.56,0.63,11.6,
732082,7.4,0.25,0.29,2.2,0.05,19,49,1.0,3.4,0.76,10.9,
675729,6.7,0.855,0.02,1.9,0.06,29,38,0.99,3.3,0.56,10.75,
4577,11.1,0.44,0.42,2.2,0.06,14,19,1.0,3.25,0.57,10.4,
370764,8.4,0.37,0.43,2.3,0.06,12,19,1.0,3.17,0.81,11.2,
686259,6.5,0.63,0.33,1.8,0.06,16,28,1.0,3.36,0.64,10.1,
721602,7.0,0.57,0.02,2.0,0.07,17,26,1.0,3.36,0.61,10.2,
104114,6.3,0.6,0.1,1.6,0.05,12,26,0.99,3.55,0.51,12.1,
70147,11.2,0.4,0.5,2.0,0.1,19,50,1.0,3.1,0.58,10.4,
401950,7.4,0.36,0.3,1.8,0.07,17,24,0.99,3.24,0.7,11.4,
426011,7.1,0.68,0.0,2.3,0.09,17,26,1.0,3.45,0.53,9.5,
298338,7.1,0.67,0.0,2.3,0.08,18,27,1.0,3.44,0.54,9.4,
216193,6.3,0.68,0.01,3.7,0.1,32,54,1.0,3.51,0.66,11.3,
342956,7.3,0.735,0.0,2.2,0.08,18,28,1.0,3.41,0.6,9.4,
767735,6.6,0.855,0.02,2.4,0.06,15,23,1.0,3.54,0.6,11.0,
218999,7.0,0.56,0.17,1.7,0.06,15,24,1.0,3.44,0.68,10.55,
247314,6.6,0.88,0.04,2.2,0.07,12,20,1.0,3.53,0.56,9.9,
260510,6.6,0.855,0.02,2.4,0.06,15,23,1.0,3.54,0.6,11.0,
136961,6.9,0.63,0.33,6.7,0.24,66,115,1.0,3.22,0.56,9.5,
666526,7.8,0.6,0.26,2.0,0.08,31,131,1.0,3.21,0.52,9.9,
636212,7.8,0.6,0.26,2.0,0.08,31,131,1.0,3.21,0.52,9.9,
74098,7.8,0.6,0.26,2.0,0.08,31,131,1.0,3.21,0.52,9.9,
791945,7.2,0.695,0.13,2.0,0.08,12,20,1.0,3.29,0.54,10.1,
690119,7.2,0.695,0.13,2.0,0.08,12,20,1.0,3.29,0.54,10.1,
442664,7.2,0.695,0.13,2.0,0.08,12,20,1.0,3.29,0.54,10.1,
750638,6.7,0.67,0.02,1.9,0.06,26,42,0.99,3.39,0.82,10.9,
709646,6.7,0.16,0.64,2.1,0.06,24,52,0.99,3.34,0.71,11.2,
49984,7.2,0.695,0.13,2.0,0.08,12,20,1.0,3.29,0.54,10.1,
767967,7.0,0.56,0.13,1.6,0.08,25,42,1.0,3.34,0.59,9.2,
611196,6.2,0.51,0.14,1.9,0.06,15,34,0.99,3.48,0.57,11.5,
753154,6.4,0.36,0.53,2.2,0.23,19,35,0.99,3.37,0.93,12.4,
211422,6.4,0.38,0.14,2.2,0.04,15,25,1.0,3.44,0.65,11.1,
69946,7.3,0.69,0.32,2.2,0.07,35,104,1.0,3.33,0.51,9.5,
561890,6.0,0.58,0.2,2.4,0.08,15,50,0.99,3.58,0.67,12.5,
694712,5.6,0.31,0.78,13.9,0.07,23,92,1.0,3.39,0.48,10.5,
643425,7.5,0.52,0.4,2.2,0.06,12,20,0.99,3.26,0.64,11.8,
380080,8.0,0.3,0.63,1.6,0.08,16,29,1.0,3.3,0.78,10.8,
449276,6.2,0.7,0.15,5.1,0.08,13,27,1.0,3.54,0.6,11.9,
411854,6.8,0.67,0.15,1.8,0.12,13,20,1.0,3.42,0.67,11.3,
405122,6.2,0.56,0.09,1.7,0.05,24,32,0.99,3.54,0.6,11.3,
451257,7.4,0.35,0.33,2.4,0.07,9,26,0.99,3.36,0.6,11.9,
134979,6.2,0.56,0.09,1.7,0.05,24,32,0.99,3.54,0.6,11.3,
617750,6.1,0.715,0.1,2.6,0.05,13,27,0.99,3.57,0.5,11.9,
146511,6.2,0.46,0.29,2.1,0.07,32,98,1.0,3.33,0.62,9.8,
473401,6.7,0.32,0.44,2.4,0.06,24,34,0.99,3.29,0.8,11.6,
410102,7.2,0.39,0.44,2.6,0.07,22,48,0.99,3.3,0.84,11.5,
654002,7.5,0.31,0.41,2.4,0.06,34,60,0.99,3.34,0.85,11.4,
441087,5.8,0.61,0.11,1.8,0.07,18,28,0.99,3.55,0.66,10.9,
78179,7.2,0.66,0.33,2.5,0.07,34,102,0.99,3.27,0.78,12.8,
630546,6.6,0.725,0.2,7.8,0.07,29,79,1.0,3.29,0.54,9.2,
797486,6.3,0.55,0.15,1.8,0.08,26,35,0.99,3.32,0.82,11.6,
203777,5.4,0.74,0.09,1.7,0.09,16,26,0.99,3.67,0.56,11.6,
243787,6.3,0.51,0.13,2.3,0.08,29,40,1.0,3.42,0.75,11.0,
216946,6.8,0.62,0.08,1.9,0.07,28,38,1.0,3.42,0.82,9.5,
484287,6.2,0.6,0.08,2.0,0.09,32,44,0.99,3.45,0.58,10.5,
395421,5.9,0.55,0.1,2.2,0.06,39,51,1.0,3.52,0.76,11.2,
341145,6.3,0.51,0.13,2.3,0.08,29,40,1.0,3.42,0.75,11.0,
587504,5.9,0.645,0.12,2.0,0.08,32,44,1.0,3.57,0.71,10.2,
189603,6.0,0.31,0.47,3.6,0.07,18,42,1.0,3.39,0.66,11.0,
